# system info soc_system on 2018.11.22.15:54:45
system_info:
name,value
DEVICE,5CSEMA5F31C6
DEVICE_FAMILY,Cyclone V
GENERATION_ID,1542869463
#
#
# Files generated for soc_system on 2018.11.22.15:54:45
files:
filepath,kind,attributes,module,is_top
simulation/soc_system.v,VERILOG,,soc_system,true
simulation/submodules/soc_system_data_format_adapter_0.sv,SYSTEM_VERILOG,,soc_system_data_format_adapter_0,false
simulation/submodules/soc_system_data_format_adapter_0_state_ram.sv,SYSTEM_VERILOG,,soc_system_data_format_adapter_0,false
simulation/submodules/soc_system_data_format_adapter_0_data_ram.sv,SYSTEM_VERILOG,,soc_system_data_format_adapter_0,false
simulation/submodules/soc_system_data_format_adapter_0_sop_ram.sv,SYSTEM_VERILOG,,soc_system_data_format_adapter_0,false
simulation/submodules/soc_system_hps_0.v,VERILOG,,soc_system_hps_0,false
simulation/submodules/soc_system_jtag_uart.v,VERILOG,,soc_system_jtag_uart,false
simulation/submodules/soc_system_master_secure.v,VERILOG,,soc_system_master_secure,false
simulation/submodules/soc_system_pll_sdram.vo,VERILOG,,soc_system_pll_sdram,false
simulation/submodules/soc_system_pll_system.vo,VERILOG,,soc_system_pll_system,false
simulation/submodules/altera_avalon_sc_fifo.v,VERILOG,,altera_avalon_sc_fifo,false
simulation/submodules/soc_system_sdram.v,VERILOG,,soc_system_sdram,false
simulation/submodules/altera_up_video_dma_control_slave.v,VERILOG,,soc_system_video_dma_controller_0,false
simulation/submodules/altera_up_video_dma_to_memory.v,VERILOG,,soc_system_video_dma_controller_0,false
simulation/submodules/altera_up_video_dma_to_stream.v,VERILOG,,soc_system_video_dma_controller_0,false
simulation/submodules/soc_system_video_dma_controller_0.v,VERILOG,,soc_system_video_dma_controller_0,false
simulation/submodules/soc_system_video_dual_clock_buffer_0.v,VERILOG,,soc_system_video_dual_clock_buffer_0,false
simulation/submodules/soc_system_video_rgb_resampler_0.v,VERILOG,,soc_system_video_rgb_resampler_0,false
simulation/submodules/altera_up_avalon_video_vga_timing.v,VERILOG,,soc_system_video_vga_controller_0,false
simulation/submodules/soc_system_video_vga_controller_0.v,VERILOG,,soc_system_video_vga_controller_0,false
simulation/submodules/soc_system_mm_interconnect_0.v,VERILOG,,soc_system_mm_interconnect_0,false
simulation/submodules/soc_system_mm_interconnect_1.v,VERILOG,,soc_system_mm_interconnect_1,false
simulation/submodules/soc_system_mm_interconnect_2.v,VERILOG,,soc_system_mm_interconnect_2,false
simulation/submodules/soc_system_irq_mapper.sv,SYSTEM_VERILOG,,soc_system_irq_mapper,false
simulation/submodules/soc_system_irq_mapper_001.sv,SYSTEM_VERILOG,,soc_system_irq_mapper_001,false
simulation/submodules/soc_system_avalon_st_adapter.v,VERILOG,,soc_system_avalon_st_adapter,false
simulation/submodules/soc_system_avalon_st_adapter_001.v,VERILOG,,soc_system_avalon_st_adapter_001,false
simulation/submodules/altera_reset_controller.v,VERILOG,,altera_reset_controller,false
simulation/submodules/altera_reset_synchronizer.v,VERILOG,,altera_reset_controller,false
simulation/submodules/altera_reset_controller.sdc,SDC,,altera_reset_controller,false
simulation/submodules/verbosity_pkg.sv,SYSTEM_VERILOG, COMMON_SYSTEMVERILOG_PACKAGE=avalon_vip_verbosity_pkg,soc_system_hps_0_fpga_interfaces,false
simulation/submodules/avalon_utilities_pkg.sv,SYSTEM_VERILOG, COMMON_SYSTEMVERILOG_PACKAGE=avalon_vip_avalon_utilities_pkg,soc_system_hps_0_fpga_interfaces,false
simulation/submodules/avalon_mm_pkg.sv,SYSTEM_VERILOG, COMMON_SYSTEMVERILOG_PACKAGE=avalon_vip_avalon_mm_pkg,soc_system_hps_0_fpga_interfaces,false
simulation/submodules/altera_avalon_mm_slave_bfm.sv,SYSTEM_VERILOG,,soc_system_hps_0_fpga_interfaces,false
simulation/submodules/questa_mvc_svapi.svh,SYSTEM_VERILOG,,soc_system_hps_0_fpga_interfaces,false
simulation/submodules/mgc_common_axi.sv,SYSTEM_VERILOG,,soc_system_hps_0_fpga_interfaces,false
simulation/submodules/mgc_axi_master.sv,SYSTEM_VERILOG,,soc_system_hps_0_fpga_interfaces,false
simulation/submodules/mgc_axi_slave.sv,SYSTEM_VERILOG,,soc_system_hps_0_fpga_interfaces,false
simulation/submodules/altera_avalon_interrupt_sink.sv,SYSTEM_VERILOG,,soc_system_hps_0_fpga_interfaces,false
simulation/submodules/altera_avalon_clock_source.sv,SYSTEM_VERILOG,,soc_system_hps_0_fpga_interfaces,false
simulation/submodules/altera_avalon_reset_source.sv,SYSTEM_VERILOG,,soc_system_hps_0_fpga_interfaces,false
simulation/submodules/soc_system_hps_0_fpga_interfaces_f2h_stm_hw_events.sv,SYSTEM_VERILOG,,soc_system_hps_0_fpga_interfaces,false
simulation/submodules/soc_system_hps_0_fpga_interfaces.sv,SYSTEM_VERILOG,,soc_system_hps_0_fpga_interfaces,false
simulation/submodules/soc_system_hps_0_hps_io.v,VERILOG,,soc_system_hps_0_hps_io,false
simulation/submodules/altera_avalon_st_jtag_interface.v,VERILOG,,altera_avalon_st_jtag_interface,false
simulation/submodules/altera_jtag_dc_streaming.v,VERILOG,,altera_avalon_st_jtag_interface,false
simulation/submodules/altera_jtag_sld_node.v,VERILOG,,altera_avalon_st_jtag_interface,false
simulation/submodules/altera_jtag_streaming.v,VERILOG,,altera_avalon_st_jtag_interface,false
simulation/submodules/altera_avalon_st_clock_crosser.v,VERILOG,,altera_avalon_st_jtag_interface,false
simulation/submodules/altera_std_synchronizer_nocut.v,VERILOG,,altera_avalon_st_jtag_interface,false
simulation/submodules/altera_avalon_st_pipeline_base.v,VERILOG,,altera_avalon_st_jtag_interface,false
simulation/submodules/altera_avalon_st_idle_remover.v,VERILOG,,altera_avalon_st_jtag_interface,false
simulation/submodules/altera_avalon_st_idle_inserter.v,VERILOG,,altera_avalon_st_jtag_interface,false
simulation/submodules/altera_avalon_st_pipeline_stage.sv,SYSTEM_VERILOG,,altera_avalon_st_jtag_interface,false
simulation/submodules/altera_avalon_st_jtag_interface.sdc,SDC,,altera_avalon_st_jtag_interface,false
simulation/submodules/soc_system_master_secure_timing_adt.sv,SYSTEM_VERILOG,,soc_system_master_secure_timing_adt,false
simulation/submodules/altera_avalon_st_bytes_to_packets.v,VERILOG,,altera_avalon_st_bytes_to_packets,false
simulation/submodules/altera_avalon_st_packets_to_bytes.v,VERILOG,,altera_avalon_st_packets_to_bytes,false
simulation/submodules/altera_avalon_packets_to_master.v,VERILOG,,altera_avalon_packets_to_master,false
simulation/submodules/soc_system_master_secure_b2p_adapter.sv,SYSTEM_VERILOG,,soc_system_master_secure_b2p_adapter,false
simulation/submodules/soc_system_master_secure_p2b_adapter.sv,SYSTEM_VERILOG,,soc_system_master_secure_p2b_adapter,false
simulation/submodules/altera_merlin_master_translator.sv,SYSTEM_VERILOG,,altera_merlin_master_translator,false
simulation/submodules/altera_merlin_slave_translator.sv,SYSTEM_VERILOG,,altera_merlin_slave_translator,false
simulation/submodules/altera_merlin_axi_master_ni.sv,SYSTEM_VERILOG,,altera_merlin_axi_master_ni,false
simulation/submodules/altera_merlin_address_alignment.sv,SYSTEM_VERILOG,,altera_merlin_axi_master_ni,false
simulation/submodules/altera_merlin_master_agent.sv,SYSTEM_VERILOG,,altera_merlin_master_agent,false
simulation/submodules/altera_merlin_slave_agent.sv,SYSTEM_VERILOG,,altera_merlin_slave_agent,false
simulation/submodules/altera_merlin_burst_uncompressor.sv,SYSTEM_VERILOG,,altera_merlin_slave_agent,false
simulation/submodules/soc_system_mm_interconnect_0_router.sv,SYSTEM_VERILOG,,soc_system_mm_interconnect_0_router,false
simulation/submodules/soc_system_mm_interconnect_0_router_002.sv,SYSTEM_VERILOG,,soc_system_mm_interconnect_0_router_002,false
simulation/submodules/soc_system_mm_interconnect_0_router_003.sv,SYSTEM_VERILOG,,soc_system_mm_interconnect_0_router_003,false
simulation/submodules/altera_merlin_burst_adapter.sv,SYSTEM_VERILOG,,altera_merlin_burst_adapter,false
simulation/submodules/altera_merlin_burst_adapter_uncmpr.sv,SYSTEM_VERILOG,,altera_merlin_burst_adapter,false
simulation/submodules/altera_merlin_burst_adapter_13_1.sv,SYSTEM_VERILOG,,altera_merlin_burst_adapter,false
simulation/submodules/altera_merlin_burst_adapter_new.sv,SYSTEM_VERILOG,,altera_merlin_burst_adapter,false
simulation/submodules/altera_incr_burst_converter.sv,SYSTEM_VERILOG,,altera_merlin_burst_adapter,false
simulation/submodules/altera_wrap_burst_converter.sv,SYSTEM_VERILOG,,altera_merlin_burst_adapter,false
simulation/submodules/altera_default_burst_converter.sv,SYSTEM_VERILOG,,altera_merlin_burst_adapter,false
simulation/submodules/altera_merlin_address_alignment.sv,SYSTEM_VERILOG,,altera_merlin_burst_adapter,false
simulation/submodules/altera_avalon_st_pipeline_stage.sv,SYSTEM_VERILOG,,altera_merlin_burst_adapter,false
simulation/submodules/altera_avalon_st_pipeline_base.v,SYSTEM_VERILOG,,altera_merlin_burst_adapter,false
simulation/submodules/soc_system_mm_interconnect_0_cmd_demux.sv,SYSTEM_VERILOG,,soc_system_mm_interconnect_0_cmd_demux,false
simulation/submodules/soc_system_mm_interconnect_0_cmd_mux.sv,SYSTEM_VERILOG,,soc_system_mm_interconnect_0_cmd_mux,false
simulation/submodules/altera_merlin_arbitrator.sv,SYSTEM_VERILOG,,soc_system_mm_interconnect_0_cmd_mux,false
simulation/submodules/soc_system_mm_interconnect_0_rsp_demux.sv,SYSTEM_VERILOG,,soc_system_mm_interconnect_0_rsp_demux,false
simulation/submodules/soc_system_mm_interconnect_0_rsp_mux.sv,SYSTEM_VERILOG,,soc_system_mm_interconnect_0_rsp_mux,false
simulation/submodules/altera_merlin_arbitrator.sv,SYSTEM_VERILOG,,soc_system_mm_interconnect_0_rsp_mux,false
simulation/submodules/altera_merlin_width_adapter.sv,SYSTEM_VERILOG,,altera_merlin_width_adapter,false
simulation/submodules/altera_merlin_address_alignment.sv,SYSTEM_VERILOG,,altera_merlin_width_adapter,false
simulation/submodules/altera_merlin_burst_uncompressor.sv,SYSTEM_VERILOG,,altera_merlin_width_adapter,false
simulation/submodules/soc_system_mm_interconnect_0_avalon_st_adapter.v,VERILOG,,soc_system_mm_interconnect_0_avalon_st_adapter,false
simulation/submodules/soc_system_mm_interconnect_1_router.sv,SYSTEM_VERILOG,,soc_system_mm_interconnect_1_router,false
simulation/submodules/soc_system_mm_interconnect_1_router_002.sv,SYSTEM_VERILOG,,soc_system_mm_interconnect_1_router_002,false
simulation/submodules/altera_merlin_traffic_limiter.sv,SYSTEM_VERILOG,,altera_merlin_traffic_limiter,false
simulation/submodules/altera_merlin_reorder_memory.sv,SYSTEM_VERILOG,,altera_merlin_traffic_limiter,false
simulation/submodules/altera_avalon_sc_fifo.v,SYSTEM_VERILOG,,altera_merlin_traffic_limiter,false
simulation/submodules/altera_avalon_st_pipeline_base.v,SYSTEM_VERILOG,,altera_merlin_traffic_limiter,false
simulation/submodules/soc_system_mm_interconnect_1_cmd_demux.sv,SYSTEM_VERILOG,,soc_system_mm_interconnect_1_cmd_demux,false
simulation/submodules/soc_system_mm_interconnect_1_cmd_mux.sv,SYSTEM_VERILOG,,soc_system_mm_interconnect_1_cmd_mux,false
simulation/submodules/altera_merlin_arbitrator.sv,SYSTEM_VERILOG,,soc_system_mm_interconnect_1_cmd_mux,false
simulation/submodules/soc_system_mm_interconnect_1_rsp_demux.sv,SYSTEM_VERILOG,,soc_system_mm_interconnect_1_rsp_demux,false
simulation/submodules/soc_system_mm_interconnect_1_rsp_demux_001.sv,SYSTEM_VERILOG,,soc_system_mm_interconnect_1_rsp_demux_001,false
simulation/submodules/soc_system_mm_interconnect_1_rsp_mux.sv,SYSTEM_VERILOG,,soc_system_mm_interconnect_1_rsp_mux,false
simulation/submodules/altera_merlin_arbitrator.sv,SYSTEM_VERILOG,,soc_system_mm_interconnect_1_rsp_mux,false
simulation/submodules/altera_avalon_st_handshake_clock_crosser.v,SYSTEM_VERILOG,,altera_avalon_st_handshake_clock_crosser,false
simulation/submodules/altera_avalon_st_clock_crosser.v,SYSTEM_VERILOG,,altera_avalon_st_handshake_clock_crosser,false
simulation/submodules/altera_avalon_st_pipeline_base.v,SYSTEM_VERILOG,,altera_avalon_st_handshake_clock_crosser,false
simulation/submodules/altera_std_synchronizer_nocut.v,SYSTEM_VERILOG,,altera_avalon_st_handshake_clock_crosser,false
simulation/submodules/altera_avalon_st_handshake_clock_crosser.sdc,SDC,,altera_avalon_st_handshake_clock_crosser,false
simulation/submodules/soc_system_mm_interconnect_1_avalon_st_adapter.v,VERILOG,,soc_system_mm_interconnect_1_avalon_st_adapter,false
simulation/submodules/altera_merlin_axi_slave_ni.sv,SYSTEM_VERILOG,,altera_merlin_axi_slave_ni,false
simulation/submodules/altera_merlin_burst_uncompressor.sv,SYSTEM_VERILOG,,altera_merlin_axi_slave_ni,false
simulation/submodules/altera_avalon_sc_fifo.v,VERILOG,,altera_merlin_axi_slave_ni,false
simulation/submodules/altera_merlin_address_alignment.sv,SYSTEM_VERILOG,,altera_merlin_axi_slave_ni,false
simulation/submodules/soc_system_mm_interconnect_2_router.sv,SYSTEM_VERILOG,,soc_system_mm_interconnect_2_router,false
simulation/submodules/soc_system_mm_interconnect_2_router_001.sv,SYSTEM_VERILOG,,soc_system_mm_interconnect_2_router_001,false
simulation/submodules/soc_system_mm_interconnect_2_cmd_demux.sv,SYSTEM_VERILOG,,soc_system_mm_interconnect_2_cmd_demux,false
simulation/submodules/soc_system_mm_interconnect_2_cmd_mux.sv,SYSTEM_VERILOG,,soc_system_mm_interconnect_2_cmd_mux,false
simulation/submodules/altera_merlin_arbitrator.sv,SYSTEM_VERILOG,,soc_system_mm_interconnect_2_cmd_mux,false
simulation/submodules/soc_system_mm_interconnect_2_rsp_demux.sv,SYSTEM_VERILOG,,soc_system_mm_interconnect_2_rsp_demux,false
simulation/submodules/soc_system_mm_interconnect_2_rsp_mux.sv,SYSTEM_VERILOG,,soc_system_mm_interconnect_2_rsp_mux,false
simulation/submodules/altera_merlin_arbitrator.sv,SYSTEM_VERILOG,,soc_system_mm_interconnect_2_rsp_mux,false
simulation/submodules/soc_system_avalon_st_adapter_data_format_adapter_0.sv,SYSTEM_VERILOG,,soc_system_avalon_st_adapter_data_format_adapter_0,false
simulation/submodules/soc_system_avalon_st_adapter_001_data_format_adapter_0.sv,SYSTEM_VERILOG,,soc_system_avalon_st_adapter_001_data_format_adapter_0,false
simulation/submodules/verbosity_pkg.sv,SYSTEM_VERILOG, COMMON_SYSTEMVERILOG_PACKAGE=avalon_vip_verbosity_pkg,soc_system_hps_0_hps_io_border,false
simulation/submodules/avalon_utilities_pkg.sv,SYSTEM_VERILOG, COMMON_SYSTEMVERILOG_PACKAGE=avalon_vip_avalon_utilities_pkg,soc_system_hps_0_hps_io_border,false
simulation/submodules/avalon_mm_pkg.sv,SYSTEM_VERILOG, COMMON_SYSTEMVERILOG_PACKAGE=avalon_vip_avalon_mm_pkg,soc_system_hps_0_hps_io_border,false
simulation/submodules/altera_avalon_mm_slave_bfm.sv,SYSTEM_VERILOG,,soc_system_hps_0_hps_io_border,false
simulation/submodules/altera_avalon_interrupt_sink.sv,SYSTEM_VERILOG,,soc_system_hps_0_hps_io_border,false
simulation/submodules/altera_avalon_clock_source.sv,SYSTEM_VERILOG,,soc_system_hps_0_hps_io_border,false
simulation/submodules/altera_avalon_reset_source.sv,SYSTEM_VERILOG,,soc_system_hps_0_hps_io_border,false
simulation/submodules/soc_system_hps_0_hps_io_border_memory.sv,SYSTEM_VERILOG,,soc_system_hps_0_hps_io_border,false
simulation/submodules/soc_system_hps_0_hps_io_border_hps_io.sv,SYSTEM_VERILOG,,soc_system_hps_0_hps_io_border,false
simulation/submodules/soc_system_hps_0_hps_io_border.sv,SYSTEM_VERILOG,,soc_system_hps_0_hps_io_border,false
simulation/submodules/soc_system_mm_interconnect_0_avalon_st_adapter_error_adapter_0.sv,SYSTEM_VERILOG,,soc_system_mm_interconnect_0_avalon_st_adapter_error_adapter_0,false
simulation/submodules/soc_system_mm_interconnect_1_avalon_st_adapter_error_adapter_0.sv,SYSTEM_VERILOG,,soc_system_mm_interconnect_1_avalon_st_adapter_error_adapter_0,false
#
# Map from instance-path to kind of module
instances:
instancePath,module
soc_system.data_format_adapter_0,soc_system_data_format_adapter_0
soc_system.hps_0,soc_system_hps_0
soc_system.hps_0.fpga_interfaces,soc_system_hps_0_fpga_interfaces
soc_system.hps_0.hps_io,soc_system_hps_0_hps_io
soc_system.hps_0.hps_io.border,soc_system_hps_0_hps_io_border
soc_system.jtag_uart,soc_system_jtag_uart
soc_system.master_secure,soc_system_master_secure
soc_system.master_secure.jtag_phy_embedded_in_jtag_master,altera_avalon_st_jtag_interface
soc_system.master_secure.timing_adt,soc_system_master_secure_timing_adt
soc_system.master_secure.fifo,altera_avalon_sc_fifo
soc_system.master_secure.b2p,altera_avalon_st_bytes_to_packets
soc_system.master_secure.p2b,altera_avalon_st_packets_to_bytes
soc_system.master_secure.transacto,altera_avalon_packets_to_master
soc_system.master_secure.b2p_adapter,soc_system_master_secure_b2p_adapter
soc_system.master_secure.p2b_adapter,soc_system_master_secure_p2b_adapter
soc_system.master_secure.rst_controller,altera_reset_controller
soc_system.pll_sdram,soc_system_pll_sdram
soc_system.pll_system,soc_system_pll_system
soc_system.sc_fifo_0,altera_avalon_sc_fifo
soc_system.sdram,soc_system_sdram
soc_system.video_dma_controller_0,soc_system_video_dma_controller_0
soc_system.video_dual_clock_buffer_0,soc_system_video_dual_clock_buffer_0
soc_system.video_rgb_resampler_0,soc_system_video_rgb_resampler_0
soc_system.video_vga_controller_0,soc_system_video_vga_controller_0
soc_system.mm_interconnect_0,soc_system_mm_interconnect_0
soc_system.mm_interconnect_0.video_dma_controller_0_avalon_dma_master_translator,altera_merlin_master_translator
soc_system.mm_interconnect_0.sdram_s1_translator,altera_merlin_slave_translator
soc_system.mm_interconnect_0.hps_0_h2f_axi_master_agent,altera_merlin_axi_master_ni
soc_system.mm_interconnect_0.video_dma_controller_0_avalon_dma_master_agent,altera_merlin_master_agent
soc_system.mm_interconnect_0.sdram_s1_agent,altera_merlin_slave_agent
soc_system.mm_interconnect_0.sdram_s1_agent_rsp_fifo,altera_avalon_sc_fifo
soc_system.mm_interconnect_0.sdram_s1_agent_rdata_fifo,altera_avalon_sc_fifo
soc_system.mm_interconnect_0.router,soc_system_mm_interconnect_0_router
soc_system.mm_interconnect_0.router_001,soc_system_mm_interconnect_0_router
soc_system.mm_interconnect_0.router_002,soc_system_mm_interconnect_0_router_002
soc_system.mm_interconnect_0.router_003,soc_system_mm_interconnect_0_router_003
soc_system.mm_interconnect_0.sdram_s1_burst_adapter,altera_merlin_burst_adapter
soc_system.mm_interconnect_0.cmd_demux,soc_system_mm_interconnect_0_cmd_demux
soc_system.mm_interconnect_0.cmd_demux_001,soc_system_mm_interconnect_0_cmd_demux
soc_system.mm_interconnect_0.cmd_demux_002,soc_system_mm_interconnect_0_cmd_demux
soc_system.mm_interconnect_0.cmd_mux,soc_system_mm_interconnect_0_cmd_mux
soc_system.mm_interconnect_0.rsp_demux,soc_system_mm_interconnect_0_rsp_demux
soc_system.mm_interconnect_0.rsp_mux,soc_system_mm_interconnect_0_rsp_mux
soc_system.mm_interconnect_0.rsp_mux_001,soc_system_mm_interconnect_0_rsp_mux
soc_system.mm_interconnect_0.rsp_mux_002,soc_system_mm_interconnect_0_rsp_mux
soc_system.mm_interconnect_0.hps_0_h2f_axi_master_wr_rsp_width_adapter,altera_merlin_width_adapter
soc_system.mm_interconnect_0.hps_0_h2f_axi_master_rd_rsp_width_adapter,altera_merlin_width_adapter
soc_system.mm_interconnect_0.hps_0_h2f_axi_master_wr_cmd_width_adapter,altera_merlin_width_adapter
soc_system.mm_interconnect_0.hps_0_h2f_axi_master_rd_cmd_width_adapter,altera_merlin_width_adapter
soc_system.mm_interconnect_0.avalon_st_adapter,soc_system_mm_interconnect_0_avalon_st_adapter
soc_system.mm_interconnect_0.avalon_st_adapter.error_adapter_0,soc_system_mm_interconnect_0_avalon_st_adapter_error_adapter_0
soc_system.mm_interconnect_1,soc_system_mm_interconnect_1
soc_system.mm_interconnect_1.video_dma_controller_0_avalon_dma_control_slave_translator,altera_merlin_slave_translator
soc_system.mm_interconnect_1.jtag_uart_avalon_jtag_slave_translator,altera_merlin_slave_translator
soc_system.mm_interconnect_1.hps_0_h2f_lw_axi_master_agent,altera_merlin_axi_master_ni
soc_system.mm_interconnect_1.video_dma_controller_0_avalon_dma_control_slave_agent,altera_merlin_slave_agent
soc_system.mm_interconnect_1.jtag_uart_avalon_jtag_slave_agent,altera_merlin_slave_agent
soc_system.mm_interconnect_1.video_dma_controller_0_avalon_dma_control_slave_agent_rsp_fifo,altera_avalon_sc_fifo
soc_system.mm_interconnect_1.video_dma_controller_0_avalon_dma_control_slave_agent_rdata_fifo,altera_avalon_sc_fifo
soc_system.mm_interconnect_1.jtag_uart_avalon_jtag_slave_agent_rsp_fifo,altera_avalon_sc_fifo
soc_system.mm_interconnect_1.jtag_uart_avalon_jtag_slave_agent_rdata_fifo,altera_avalon_sc_fifo
soc_system.mm_interconnect_1.router,soc_system_mm_interconnect_1_router
soc_system.mm_interconnect_1.router_001,soc_system_mm_interconnect_1_router
soc_system.mm_interconnect_1.router_002,soc_system_mm_interconnect_1_router_002
soc_system.mm_interconnect_1.router_003,soc_system_mm_interconnect_1_router_002
soc_system.mm_interconnect_1.hps_0_h2f_lw_axi_master_wr_limiter,altera_merlin_traffic_limiter
soc_system.mm_interconnect_1.hps_0_h2f_lw_axi_master_rd_limiter,altera_merlin_traffic_limiter
soc_system.mm_interconnect_1.video_dma_controller_0_avalon_dma_control_slave_burst_adapter,altera_merlin_burst_adapter
soc_system.mm_interconnect_1.jtag_uart_avalon_jtag_slave_burst_adapter,altera_merlin_burst_adapter
soc_system.mm_interconnect_1.cmd_demux,soc_system_mm_interconnect_1_cmd_demux
soc_system.mm_interconnect_1.cmd_demux_001,soc_system_mm_interconnect_1_cmd_demux
soc_system.mm_interconnect_1.cmd_mux,soc_system_mm_interconnect_1_cmd_mux
soc_system.mm_interconnect_1.cmd_mux_001,soc_system_mm_interconnect_1_cmd_mux
soc_system.mm_interconnect_1.rsp_demux,soc_system_mm_interconnect_1_rsp_demux
soc_system.mm_interconnect_1.rsp_demux_001,soc_system_mm_interconnect_1_rsp_demux_001
soc_system.mm_interconnect_1.rsp_mux,soc_system_mm_interconnect_1_rsp_mux
soc_system.mm_interconnect_1.rsp_mux_001,soc_system_mm_interconnect_1_rsp_mux
soc_system.mm_interconnect_1.crosser,altera_avalon_st_handshake_clock_crosser
soc_system.mm_interconnect_1.crosser_001,altera_avalon_st_handshake_clock_crosser
soc_system.mm_interconnect_1.crosser_002,altera_avalon_st_handshake_clock_crosser
soc_system.mm_interconnect_1.crosser_003,altera_avalon_st_handshake_clock_crosser
soc_system.mm_interconnect_1.avalon_st_adapter,soc_system_mm_interconnect_1_avalon_st_adapter
soc_system.mm_interconnect_1.avalon_st_adapter.error_adapter_0,soc_system_mm_interconnect_1_avalon_st_adapter_error_adapter_0
soc_system.mm_interconnect_1.avalon_st_adapter_001,soc_system_mm_interconnect_1_avalon_st_adapter
soc_system.mm_interconnect_1.avalon_st_adapter_001.error_adapter_0,soc_system_mm_interconnect_1_avalon_st_adapter_error_adapter_0
soc_system.mm_interconnect_2,soc_system_mm_interconnect_2
soc_system.mm_interconnect_2.master_secure_master_translator,altera_merlin_master_translator
soc_system.mm_interconnect_2.master_secure_master_agent,altera_merlin_master_agent
soc_system.mm_interconnect_2.hps_0_f2h_axi_slave_agent,altera_merlin_axi_slave_ni
soc_system.mm_interconnect_2.router,soc_system_mm_interconnect_2_router
soc_system.mm_interconnect_2.router_001,soc_system_mm_interconnect_2_router_001
soc_system.mm_interconnect_2.router_002,soc_system_mm_interconnect_2_router_001
soc_system.mm_interconnect_2.master_secure_master_limiter,altera_merlin_traffic_limiter
soc_system.mm_interconnect_2.cmd_demux,soc_system_mm_interconnect_2_cmd_demux
soc_system.mm_interconnect_2.cmd_mux,soc_system_mm_interconnect_2_cmd_mux
soc_system.mm_interconnect_2.cmd_mux_001,soc_system_mm_interconnect_2_cmd_mux
soc_system.mm_interconnect_2.rsp_demux,soc_system_mm_interconnect_2_rsp_demux
soc_system.mm_interconnect_2.rsp_demux_001,soc_system_mm_interconnect_2_rsp_demux
soc_system.mm_interconnect_2.rsp_mux,soc_system_mm_interconnect_2_rsp_mux
soc_system.mm_interconnect_2.hps_0_f2h_axi_slave_wr_cmd_width_adapter,altera_merlin_width_adapter
soc_system.mm_interconnect_2.hps_0_f2h_axi_slave_rd_cmd_width_adapter,altera_merlin_width_adapter
soc_system.mm_interconnect_2.hps_0_f2h_axi_slave_wr_rsp_width_adapter,altera_merlin_width_adapter
soc_system.mm_interconnect_2.hps_0_f2h_axi_slave_rd_rsp_width_adapter,altera_merlin_width_adapter
soc_system.irq_mapper,soc_system_irq_mapper
soc_system.irq_mapper_001,soc_system_irq_mapper_001
soc_system.avalon_st_adapter,soc_system_avalon_st_adapter
soc_system.avalon_st_adapter.data_format_adapter_0,soc_system_avalon_st_adapter_data_format_adapter_0
soc_system.avalon_st_adapter_001,soc_system_avalon_st_adapter_001
soc_system.avalon_st_adapter_001.data_format_adapter_0,soc_system_avalon_st_adapter_001_data_format_adapter_0
soc_system.rst_controller,altera_reset_controller
soc_system.rst_controller_001,altera_reset_controller
soc_system.rst_controller_002,altera_reset_controller
soc_system.rst_controller_003,altera_reset_controller
soc_system.rst_controller_004,altera_reset_controller
