<?xml version="1.0" encoding="UTF-8"?>
<deploy
 date="2018.11.01.15:41:24"
 outputDirectory="F:/Embedded_system_project/quartus_project/ip/soc_system/soc_system_video_dual_clock_buffer_0/">
 <perimeter>
  <parameter
     name="AUTO_GENERATION_ID"
     type="Integer"
     defaultValue="0"
     onHdl="0"
     affectsHdl="1" />
  <parameter
     name="AUTO_UNIQUE_ID"
     type="String"
     defaultValue=""
     onHdl="0"
     affectsHdl="1" />
  <parameter
     name="AUTO_DEVICE_FAMILY"
     type="String"
     defaultValue="Cyclone 10 GX"
     onHdl="0"
     affectsHdl="1" />
  <parameter
     name="AUTO_DEVICE"
     type="String"
     defaultValue="10CX220YF780I5G"
     onHdl="0"
     affectsHdl="1" />
  <parameter
     name="AUTO_DEVICE_SPEEDGRADE"
     type="String"
     defaultValue="5"
     onHdl="0"
     affectsHdl="1" />
  <parameter
     name="AUTO_CLOCK_STREAM_IN_CLOCK_RATE"
     type="Long"
     defaultValue="-1"
     onHdl="0"
     affectsHdl="1" />
  <parameter
     name="AUTO_CLOCK_STREAM_IN_CLOCK_DOMAIN"
     type="Integer"
     defaultValue="-1"
     onHdl="0"
     affectsHdl="1" />
  <parameter
     name="AUTO_CLOCK_STREAM_IN_RESET_DOMAIN"
     type="Integer"
     defaultValue="-1"
     onHdl="0"
     affectsHdl="1" />
  <parameter
     name="AUTO_CLOCK_STREAM_OUT_CLOCK_RATE"
     type="Long"
     defaultValue="-1"
     onHdl="0"
     affectsHdl="1" />
  <parameter
     name="AUTO_CLOCK_STREAM_OUT_CLOCK_DOMAIN"
     type="Integer"
     defaultValue="-1"
     onHdl="0"
     affectsHdl="1" />
  <parameter
     name="AUTO_CLOCK_STREAM_OUT_RESET_DOMAIN"
     type="Integer"
     defaultValue="-1"
     onHdl="0"
     affectsHdl="1" />
  <interface name="clock_stream_in" kind="clock" start="0">
   <property name="clockRate" value="0" />
   <property name="externallyDriven" value="false" />
   <property name="ptfSchematicName" value="" />
   <port name="clk_stream_in" direction="input" role="clk" width="1" />
  </interface>
  <interface name="reset_stream_in" kind="reset" start="0">
   <property name="associatedClock" value="clock_stream_in" />
   <property name="synchronousEdges" value="DEASSERT" />
   <port name="reset_stream_in" direction="input" role="reset" width="1" />
  </interface>
  <interface name="clock_stream_out" kind="clock" start="0">
   <property name="clockRate" value="0" />
   <property name="externallyDriven" value="false" />
   <property name="ptfSchematicName" value="" />
   <port name="clk_stream_out" direction="input" role="clk" width="1" />
  </interface>
  <interface name="reset_stream_out" kind="reset" start="0">
   <property name="associatedClock" value="clock_stream_out" />
   <property name="synchronousEdges" value="DEASSERT" />
   <port name="reset_stream_out" direction="input" role="reset" width="1" />
  </interface>
  <interface name="avalon_dc_buffer_sink" kind="avalon_streaming" start="0">
   <property name="associatedClock" value="clock_stream_in" />
   <property name="associatedReset" value="reset_stream_in" />
   <property name="beatsPerCycle" value="1" />
   <property name="dataBitsPerSymbol" value="10" />
   <property name="emptyWithinPacket" value="false" />
   <property name="errorDescriptor" value="" />
   <property name="firstSymbolInHighOrderBits" value="true" />
   <property name="highOrderSymbolAtMSB" value="false" />
   <property name="maxChannel" value="0" />
   <property name="packetDescription" value="" />
   <property name="prSafe" value="false" />
   <property name="readyAllowance" value="0" />
   <property name="readyLatency" value="0" />
   <property name="symbolsPerBeat" value="3" />
   <port name="stream_in_ready" direction="output" role="ready" width="1" />
   <port
       name="stream_in_startofpacket"
       direction="input"
       role="startofpacket"
       width="1" />
   <port
       name="stream_in_endofpacket"
       direction="input"
       role="endofpacket"
       width="1" />
   <port name="stream_in_valid" direction="input" role="valid" width="1" />
   <port name="stream_in_data" direction="input" role="data" width="30" />
  </interface>
  <interface name="avalon_dc_buffer_source" kind="avalon_streaming" start="1">
   <property name="associatedClock" value="clock_stream_out" />
   <property name="associatedReset" value="reset_stream_out" />
   <property name="beatsPerCycle" value="1" />
   <property name="dataBitsPerSymbol" value="10" />
   <property name="emptyWithinPacket" value="false" />
   <property name="errorDescriptor" value="" />
   <property name="firstSymbolInHighOrderBits" value="true" />
   <property name="highOrderSymbolAtMSB" value="false" />
   <property name="maxChannel" value="0" />
   <property name="packetDescription" value="" />
   <property name="prSafe" value="false" />
   <property name="readyAllowance" value="0" />
   <property name="readyLatency" value="0" />
   <property name="symbolsPerBeat" value="3" />
   <port name="stream_out_ready" direction="input" role="ready" width="1" />
   <port
       name="stream_out_startofpacket"
       direction="output"
       role="startofpacket"
       width="1" />
   <port
       name="stream_out_endofpacket"
       direction="output"
       role="endofpacket"
       width="1" />
   <port name="stream_out_valid" direction="output" role="valid" width="1" />
   <port name="stream_out_data" direction="output" role="data" width="30" />
  </interface>
 </perimeter>
 <entity
   kind="soc_system_video_dual_clock_buffer_0"
   version="1.0"
   name="soc_system_video_dual_clock_buffer_0">
  <parameter name="AUTO_CLOCK_STREAM_IN_RESET_DOMAIN" value="-1" />
  <parameter name="AUTO_CLOCK_STREAM_OUT_RESET_DOMAIN" value="-1" />
  <parameter name="AUTO_CLOCK_STREAM_OUT_CLOCK_RATE" value="-1" />
  <parameter name="AUTO_CLOCK_STREAM_OUT_CLOCK_DOMAIN" value="-1" />
  <parameter name="AUTO_GENERATION_ID" value="0" />
  <parameter name="AUTO_DEVICE" value="10CX220YF780I5G" />
  <parameter name="AUTO_DEVICE_FAMILY" value="Cyclone 10 GX" />
  <parameter name="AUTO_CLOCK_STREAM_IN_CLOCK_RATE" value="-1" />
  <parameter name="AUTO_UNIQUE_ID" value="" />
  <parameter name="AUTO_DEVICE_SPEEDGRADE" value="5" />
  <parameter name="AUTO_CLOCK_STREAM_IN_CLOCK_DOMAIN" value="-1" />
  <generatedFiles>
   <file
       path="F:\Embedded_system_project\quartus_project\ip\soc_system\soc_system_video_dual_clock_buffer_0\synth\soc_system_video_dual_clock_buffer_0.v"
       attributes="CONTAINS_INLINE_CONFIGURATION" />
  </generatedFiles>
  <childGeneratedFiles>
   <file
       path="F:\Embedded_system_project\quartus_project\ip\soc_system\soc_system_video_dual_clock_buffer_0\synth\soc_system_video_dual_clock_buffer_0.v"
       attributes="CONTAINS_INLINE_CONFIGURATION" />
  </childGeneratedFiles>
  <sourceFiles>
   <file
       path="F:/Embedded_system_project/quartus_project/ip/soc_system/soc_system_video_dual_clock_buffer_0.ip" />
  </sourceFiles>
  <childSourceFiles>
   <file
       path="C:/intelfpga_pro/18.1/ip/altera/university_program/audio_video/video/altera_up_avalon_video_dual_clock_buffer/altera_up_avalon_video_dual_clock_buffer_hw.tcl" />
  </childSourceFiles>
  <messages>
   <message level="Info" culprit="soc_system_video_dual_clock_buffer_0">"Generating: soc_system_video_dual_clock_buffer_0"</message>
   <message level="Info" culprit="soc_system_video_dual_clock_buffer_0">"Generating: soc_system_video_dual_clock_buffer_0_altera_up_avalon_video_dual_clock_buffer_180_xhy63xi"</message>
   <message level="Info" culprit="video_dual_clock_buffer_0">Starting Generation of the Dual Clock Buffer</message>
  </messages>
 </entity>
 <entity
   kind="altera_up_avalon_video_dual_clock_buffer"
   version="18.0"
   name="soc_system_video_dual_clock_buffer_0_altera_up_avalon_video_dual_clock_buffer_180_xhy63xi">
  <parameter name="color_bits" value="10" />
  <parameter name="AUTO_CLOCK_STREAM_OUT_CLOCK_RATE" value="-1" />
  <parameter name="AUTO_DEVICE_FAMILY" value="Cyclone 10 GX" />
  <parameter name="AUTO_CLOCK_STREAM_IN_CLOCK_RATE" value="-1" />
  <parameter name="color_planes" value="3" />
  <generatedFiles>
   <file
       path="F:\Embedded_system_project\quartus_project\ip\soc_system\soc_system_video_dual_clock_buffer_0\altera_up_avalon_video_dual_clock_buffer_180\synth\soc_system_video_dual_clock_buffer_0_altera_up_avalon_video_dual_clock_buffer_180_xhy63xi.v" />
  </generatedFiles>
  <childGeneratedFiles>
   <file
       path="F:\Embedded_system_project\quartus_project\ip\soc_system\soc_system_video_dual_clock_buffer_0\altera_up_avalon_video_dual_clock_buffer_180\synth\soc_system_video_dual_clock_buffer_0_altera_up_avalon_video_dual_clock_buffer_180_xhy63xi.v" />
  </childGeneratedFiles>
  <sourceFiles>
   <file
       path="C:/intelfpga_pro/18.1/ip/altera/university_program/audio_video/video/altera_up_avalon_video_dual_clock_buffer/altera_up_avalon_video_dual_clock_buffer_hw.tcl" />
  </sourceFiles>
  <childSourceFiles/>
  <instantiator
     instantiator="soc_system_video_dual_clock_buffer_0"
     as="video_dual_clock_buffer_0" />
  <messages>
   <message level="Info" culprit="soc_system_video_dual_clock_buffer_0">"Generating: soc_system_video_dual_clock_buffer_0_altera_up_avalon_video_dual_clock_buffer_180_xhy63xi"</message>
   <message level="Info" culprit="video_dual_clock_buffer_0">Starting Generation of the Dual Clock Buffer</message>
  </messages>
 </entity>
</deploy>
