{
	"system" : {
		"platform" : "windows64",
		"os_name" : "Windows 10",
		"os_version" : "10.0"
	},
	"error" : {
		"executable" : "quartus",
		"comment" : "none",
		"error_message" : "family < DEV_FAMILY_GENERIC",
		"source_file" : "/quartus/ddb/dev/dev_family_manager.cpp",
		"line" : "495",
		"stack_trace" : "\t0x7ff811802ff4: DDB_DEV + 0x42ff4 (DEV_FAMILY_MANAGER::test_trait_of + 0x18a14)\n\t0x7ff812217a57: comp_qhd + 0x67a57 (?initialize@QHD_ROOT_IMPL@@UEAA_NAEBV?$basic_string@DU?$char_traits@D@std@@V?$allocator@D@2@@std@@000@Z + 0x177)\n\t0x7ff812209e73: comp_qhd + 0x59e73 (?ntfq_msg_notify_project_open@QHD_NTFQ_NOTIFY_TARGET@@UEAA_N_K_N@Z + 0x103)\n\t0x7ff837752050: ccl_ntfq + 0x2050 (?dispatch_notify_msg@NTFQ_NOTIFY_TARGET@@IEAA_NPEBVNTFQ_NOTIFY_MAP@@I_K_N@Z + 0x60)\n\t0x7ff83775210b: ccl_ntfq + 0x210b (?on_ntfq_notify@NTFQ_NOTIFY_TARGET@@UEAA_NI_K_N@Z + 0x3b)\n\t0x7ff837752c71: ccl_ntfq + 0x2c71 (?broadcast_notify@NTFQ_NOTIFY_MGR@@UEAA_NI_K@Z + 0xb1)\n\t0x7ff81ba2af5f: sys_proj + 0xaf5f (?open@PROJ_PROJECT@@SA?AW4PROJ_STATUS@@AEBV?$basic_string@DU?$char_traits@D@std@@V?$allocator@D@2@@std@@0_N0@Z + 0x67f)\n\t0x7ff813487aa5: SYS_QUI + 0x47aa5 (?open_project@QUI_PRJ_UI_MGR@@UEAA_NAEBV?$basic_string@DU?$char_traits@D@std@@V?$allocator@D@2@@std@@00@Z + 0x6b5)\n\t0x7ff81348858f: SYS_QUI + 0x4858f (?open_project_action@QUI_PRJ_UI_MGR@@UEAA_NXZ + 0x9df)\n\t0x7ff81349684a: SYS_QUI + 0x5684a (?qt_static_metacall@QUI_FRAME_WND@@CAXPEAVQObject@@W4Call@QMetaObject@@HPEAPEAX@Z + 0x19a)\n\t 0x5a9fc420: QtCore4 + 0x11c420 (?activate@QMetaObject@@SAXPEAVQObject@@PEBU1@HPEAPEAX@Z + 0x520)\n\t 0x5abda23f: QtGui4 + 0xa23f (?activate@QAction@@QEAAXW4ActionEvent@1@@Z + 0xdf)\n\t 0x5af85c03: QtGui4 + 0x3b5c03 (?actionGeometry@QMenu@@QEBA?AVQRect@@PEAVQAction@@@Z + 0x443)\n\t 0x5af85a95: QtGui4 + 0x3b5a95 (?actionGeometry@QMenu@@QEBA?AVQRect@@PEAVQAction@@@Z + 0x2d5)\n\t 0x5ac30794: QtGui4 + 0x60794 (?event@QWidget@@MEAA_NPEAVQEvent@@@Z + 0xd4)\n\t 0x5af86934: QtGui4 + 0x3b6934 (?event@QMenu@@MEAA_NPEAVQEvent@@@Z + 0x284)\n\t 0x5abf2e95: QtGui4 + 0x22e95 (?notify_helper@QApplicationPrivate@@QEAA_NPEAVQObject@@PEAVQEvent@@@Z + 0xf5)\n\t 0x5abf1a8e: QtGui4 + 0x21a8e (?notify@QApplication@@UEAA_NPEAVQObject@@PEAVQEvent@@@Z + 0x71e)\n\t 0x5a9ed92b: QtCore4 + 0x10d92b (?notifyInternal@QCoreApplication@@AEAA_NPEAVQObject@@PEAVQEvent@@@Z + 0x7b)\n\t 0x5abf5cfe: QtGui4 + 0x25cfe (?sendMouseEvent@QApplicationPrivate@@SA_NPEAVQWidget@@PEAVQMouseEvent@@00PEAPEAV2@AEAV?$QPointer@VQWidget@@@@_N@Z + 0x1de)\n\t 0x5ac55366: QtGui4 + 0x85366 (?trUtf8@QScrollBar@@SA?AVQString@@PEBD0H@Z + 0x10b6)\n\t 0x5ac590b1: QtGui4 + 0x890b1 (?winMouseButtonUp@QApplication@@SAXXZ + 0x2761)\n\t0x7ff84bdc6cc0: USER32 + 0x16cc0 (CallWindowProcW + 0x4c0)\n\t0x7ff84bdc6692: USER32 + 0x16692 (DispatchMessageW + 0x1d2)\n\t 0x5aa12802: QtCore4 + 0x132802 (?processEvents@QEventDispatcherWin32@@UEAA_NV?$QFlags@W4ProcessEventsFlag@QEventLoop@@@@@Z + 0x3e2)\n\t 0x5ac50eb4: QtGui4 + 0x80eb4 (?openPopup@QApplicationPrivate@@QEAAXPEAVQWidget@@@Z + 0x204)\n\t 0x5a9ea88b: QtCore4 + 0x10a88b (?exec@QEventLoop@@QEAAHV?$QFlags@W4ProcessEventsFlag@QEventLoop@@@@@Z + 0x22b)\n\t 0x5a9ece6f: QtCore4 + 0x10ce6f (?exec@QCoreApplication@@SAHXZ + 0xdf)\n\t0x7ff6fa23197b: quartus + 0x197b (?qgq_main@@YAHHPEAPEBD@Z + 0x7b)\n\t0x7ff82fd12e98: CCL_MSG + 0x12e98 (?msg_main_thread@@YAPEAXPEAX@Z + 0x18)\n\t0x7ff82fd1467e: CCL_MSG + 0x1467e (?msg_thread_wrapper@@YAPEAXP6APEAXPEAX@Z0@Z + 0x6e)\n\t0x7ff82fe16660: ccl_mem + 0x16660 (?mem_thread_wrapper@@YAPEAXP6APEAXPEAX@Z0@Z + 0x70)\n\t0x7ff82fd12761: CCL_MSG + 0x12761 (?msg_exe_main@@YAHHPEAPEBDP6AHH0@Z@Z + 0xa1)\n\t0x7ff6fa2324e7: quartus + 0x24e7 (WinMain + 0x127)\n\t0x7ff6fa231e58: quartus + 0x1e58 (__tmainCRTStartup + 0x148)\n\t0x7ff84b8a3033: KERNEL32 + 0x13033 (BaseThreadInitThunk + 0x13)\n\t0x7ff84c1c1460: ntdll + 0x71460 (RtlUserThreadStart + 0x20)\n",
		"subsystem" : "DEV"
	},
	"quartus" : {
		"quartus_bits" : "64",
		"version" : "18.1.0",
		"build" : "625",
		"edition" : "Standard Edition"
	}
}