<?xml version="1.0" encoding="UTF-8"?>
<deploy
 date="2018.11.01.15:42:44"
 outputDirectory="F:/Embedded_system_project/quartus_project/ip/soc_system/soc_system_video_vga_controller_0/">
 <perimeter>
  <parameter
     name="AUTO_GENERATION_ID"
     type="Integer"
     defaultValue="0"
     onHdl="0"
     affectsHdl="1" />
  <parameter
     name="AUTO_UNIQUE_ID"
     type="String"
     defaultValue=""
     onHdl="0"
     affectsHdl="1" />
  <parameter
     name="AUTO_DEVICE_FAMILY"
     type="String"
     defaultValue="Cyclone 10 GX"
     onHdl="0"
     affectsHdl="1" />
  <parameter
     name="AUTO_DEVICE"
     type="String"
     defaultValue="10CX220YF780I5G"
     onHdl="0"
     affectsHdl="1" />
  <parameter
     name="AUTO_DEVICE_SPEEDGRADE"
     type="String"
     defaultValue="5"
     onHdl="0"
     affectsHdl="1" />
  <parameter
     name="AUTO_CLK_CLOCK_RATE"
     type="Long"
     defaultValue="-1"
     onHdl="0"
     affectsHdl="1" />
  <parameter
     name="AUTO_CLK_CLOCK_DOMAIN"
     type="Integer"
     defaultValue="-1"
     onHdl="0"
     affectsHdl="1" />
  <parameter
     name="AUTO_CLK_RESET_DOMAIN"
     type="Integer"
     defaultValue="-1"
     onHdl="0"
     affectsHdl="1" />
  <interface name="clk" kind="clock" start="0">
   <property name="clockRate" value="0" />
   <property name="externallyDriven" value="false" />
   <property name="ptfSchematicName" value="" />
   <port name="clk" direction="input" role="clk" width="1" />
  </interface>
  <interface name="reset" kind="reset" start="0">
   <property name="associatedClock" value="clk" />
   <property name="synchronousEdges" value="DEASSERT" />
   <port name="reset" direction="input" role="reset" width="1" />
  </interface>
  <interface name="avalon_vga_sink" kind="avalon_streaming" start="0">
   <property name="associatedClock" value="clk" />
   <property name="associatedReset" value="reset" />
   <property name="beatsPerCycle" value="1" />
   <property name="dataBitsPerSymbol" value="10" />
   <property name="emptyWithinPacket" value="false" />
   <property name="errorDescriptor" value="" />
   <property name="firstSymbolInHighOrderBits" value="true" />
   <property name="highOrderSymbolAtMSB" value="false" />
   <property name="maxChannel" value="0" />
   <property name="packetDescription" value="" />
   <property name="prSafe" value="false" />
   <property name="readyAllowance" value="0" />
   <property name="readyLatency" value="0" />
   <property name="symbolsPerBeat" value="3" />
   <port name="data" direction="input" role="data" width="30" />
   <port name="startofpacket" direction="input" role="startofpacket" width="1" />
   <port name="endofpacket" direction="input" role="endofpacket" width="1" />
   <port name="valid" direction="input" role="valid" width="1" />
   <port name="ready" direction="output" role="ready" width="1" />
  </interface>
  <interface name="external_interface" kind="conduit" start="0">
   <property name="associatedClock" value="" />
   <property name="associatedReset" value="" />
   <property name="prSafe" value="false" />
   <port name="VGA_CLK" direction="output" role="CLK" width="1" />
   <port name="VGA_HS" direction="output" role="HS" width="1" />
   <port name="VGA_VS" direction="output" role="VS" width="1" />
   <port name="VGA_BLANK" direction="output" role="BLANK" width="1" />
   <port name="VGA_SYNC" direction="output" role="SYNC" width="1" />
   <port name="VGA_R" direction="output" role="R" width="8" />
   <port name="VGA_G" direction="output" role="G" width="8" />
   <port name="VGA_B" direction="output" role="B" width="8" />
  </interface>
 </perimeter>
 <entity
   kind="soc_system_video_vga_controller_0"
   version="1.0"
   name="soc_system_video_vga_controller_0">
  <parameter name="AUTO_CLK_CLOCK_RATE" value="-1" />
  <parameter name="AUTO_GENERATION_ID" value="0" />
  <parameter name="AUTO_DEVICE" value="10CX220YF780I5G" />
  <parameter name="AUTO_DEVICE_FAMILY" value="Cyclone 10 GX" />
  <parameter name="AUTO_CLK_RESET_DOMAIN" value="-1" />
  <parameter name="AUTO_CLK_CLOCK_DOMAIN" value="-1" />
  <parameter name="AUTO_UNIQUE_ID" value="" />
  <parameter name="AUTO_DEVICE_SPEEDGRADE" value="5" />
  <generatedFiles>
   <file
       path="F:\Embedded_system_project\quartus_project\ip\soc_system\soc_system_video_vga_controller_0\synth\soc_system_video_vga_controller_0.v"
       attributes="CONTAINS_INLINE_CONFIGURATION" />
  </generatedFiles>
  <childGeneratedFiles>
   <file
       path="F:\Embedded_system_project\quartus_project\ip\soc_system\soc_system_video_vga_controller_0\synth\soc_system_video_vga_controller_0.v"
       attributes="CONTAINS_INLINE_CONFIGURATION" />
  </childGeneratedFiles>
  <sourceFiles>
   <file
       path="F:/Embedded_system_project/quartus_project/ip/soc_system/soc_system_video_vga_controller_0.ip" />
  </sourceFiles>
  <childSourceFiles>
   <file
       path="C:/intelfpga_pro/18.1/ip/altera/university_program/audio_video/video/altera_up_avalon_video_vga_controller/altera_up_avalon_video_vga_controller_hw.tcl" />
   <file
       path="C:/intelfpga_pro/18.1/ip/altera/university_program/audio_video/video/altera_up_avalon_video_vga_controller/hdl/altera_up_avalon_video_vga_timing.v" />
  </childSourceFiles>
  <messages>
   <message level="Info" culprit="soc_system_video_vga_controller_0">"Generating: soc_system_video_vga_controller_0"</message>
   <message level="Info" culprit="soc_system_video_vga_controller_0">"Generating: soc_system_video_vga_controller_0_altera_up_avalon_video_vga_controller_181_bttva4i"</message>
   <message level="Info" culprit="video_vga_controller_0">Starting Generation of VGA Controller</message>
  </messages>
 </entity>
 <entity
   kind="altera_up_avalon_video_vga_controller"
   version="18.1"
   name="soc_system_video_vga_controller_0_altera_up_avalon_video_vga_controller_181_bttva4i">
  <parameter name="AUTO_CLK_CLOCK_RATE" value="-1" />
  <parameter name="AUTO_DEVICE_FAMILY" value="Cyclone 10 GX" />
  <parameter name="underflow_flag" value="false" />
  <parameter name="device" value="VGA Connector" />
  <parameter name="resolution" value="VGA 640x480" />
  <parameter name="board" value="DE1-SoC" />
  <generatedFiles>
   <file
       path="F:\Embedded_system_project\quartus_project\ip\soc_system\soc_system_video_vga_controller_0\altera_up_avalon_video_vga_controller_181\synth\altera_up_avalon_video_vga_timing.v" />
   <file
       path="F:\Embedded_system_project\quartus_project\ip\soc_system\soc_system_video_vga_controller_0\altera_up_avalon_video_vga_controller_181\synth\soc_system_video_vga_controller_0_altera_up_avalon_video_vga_controller_181_bttva4i.v" />
  </generatedFiles>
  <childGeneratedFiles>
   <file
       path="F:\Embedded_system_project\quartus_project\ip\soc_system\soc_system_video_vga_controller_0\altera_up_avalon_video_vga_controller_181\synth\altera_up_avalon_video_vga_timing.v" />
   <file
       path="F:\Embedded_system_project\quartus_project\ip\soc_system\soc_system_video_vga_controller_0\altera_up_avalon_video_vga_controller_181\synth\soc_system_video_vga_controller_0_altera_up_avalon_video_vga_controller_181_bttva4i.v" />
  </childGeneratedFiles>
  <sourceFiles>
   <file
       path="C:/intelfpga_pro/18.1/ip/altera/university_program/audio_video/video/altera_up_avalon_video_vga_controller/altera_up_avalon_video_vga_controller_hw.tcl" />
   <file
       path="C:/intelfpga_pro/18.1/ip/altera/university_program/audio_video/video/altera_up_avalon_video_vga_controller/hdl/altera_up_avalon_video_vga_timing.v" />
  </sourceFiles>
  <childSourceFiles/>
  <instantiator
     instantiator="soc_system_video_vga_controller_0"
     as="video_vga_controller_0" />
  <messages>
   <message level="Info" culprit="soc_system_video_vga_controller_0">"Generating: soc_system_video_vga_controller_0_altera_up_avalon_video_vga_controller_181_bttva4i"</message>
   <message level="Info" culprit="video_vga_controller_0">Starting Generation of VGA Controller</message>
  </messages>
 </entity>
</deploy>
