<?xml version="1.0" encoding="UTF-8"?>
<deploy
 date="2018.11.01.15:40:45"
 outputDirectory="F:/Embedded_system_project/quartus_project/ip/soc_system/soc_system_video_dma_controller_0/">
 <perimeter>
  <parameter
     name="AUTO_GENERATION_ID"
     type="Integer"
     defaultValue="0"
     onHdl="0"
     affectsHdl="1" />
  <parameter
     name="AUTO_UNIQUE_ID"
     type="String"
     defaultValue=""
     onHdl="0"
     affectsHdl="1" />
  <parameter
     name="AUTO_DEVICE_FAMILY"
     type="String"
     defaultValue="Cyclone 10 GX"
     onHdl="0"
     affectsHdl="1" />
  <parameter
     name="AUTO_DEVICE"
     type="String"
     defaultValue="10CX220YF780I5G"
     onHdl="0"
     affectsHdl="1" />
  <parameter
     name="AUTO_DEVICE_SPEEDGRADE"
     type="String"
     defaultValue="5"
     onHdl="0"
     affectsHdl="1" />
  <parameter
     name="AUTO_CLK_CLOCK_RATE"
     type="Long"
     defaultValue="-1"
     onHdl="0"
     affectsHdl="1" />
  <parameter
     name="AUTO_CLK_CLOCK_DOMAIN"
     type="Integer"
     defaultValue="-1"
     onHdl="0"
     affectsHdl="1" />
  <parameter
     name="AUTO_CLK_RESET_DOMAIN"
     type="Integer"
     defaultValue="-1"
     onHdl="0"
     affectsHdl="1" />
  <parameter
     name="AUTO_AVALON_DMA_MASTER_ADDRESS_MAP"
     type="AddressMap"
     defaultValue=""
     onHdl="0"
     affectsHdl="1" />
  <parameter
     name="AUTO_AVALON_DMA_MASTER_ADDRESS_WIDTH"
     type="AddressWidthType"
     defaultValue="-1"
     onHdl="0"
     affectsHdl="1" />
  <interface name="clk" kind="clock" start="0">
   <property name="clockRate" value="0" />
   <property name="externallyDriven" value="false" />
   <property name="ptfSchematicName" value="" />
   <port name="clk" direction="input" role="clk" width="1" />
  </interface>
  <interface name="reset" kind="reset" start="0">
   <property name="associatedClock" value="clk" />
   <property name="synchronousEdges" value="DEASSERT" />
   <port name="reset" direction="input" role="reset" width="1" />
  </interface>
  <interface name="avalon_dma_master" kind="avalon" start="1">
   <property name="adaptsTo" value="" />
   <property name="addressGroup" value="0" />
   <property name="addressUnits" value="SYMBOLS" />
   <property name="alwaysBurstMaxBurst" value="false" />
   <property name="associatedClock" value="clk" />
   <property name="associatedReset" value="reset" />
   <property name="bitsPerSymbol" value="8" />
   <property name="burstOnBurstBoundariesOnly" value="false" />
   <property name="burstcountUnits" value="WORDS" />
   <property name="constantBurstBehavior" value="false" />
   <property name="dBSBigEndian" value="false" />
   <property name="doStreamReads" value="false" />
   <property name="doStreamWrites" value="false" />
   <property name="holdTime" value="0" />
   <property name="interleaveBursts" value="false" />
   <property name="isAsynchronous" value="false" />
   <property name="isBigEndian" value="false" />
   <property name="isReadable" value="false" />
   <property name="isWriteable" value="false" />
   <property name="linewrapBursts" value="false" />
   <property name="maxAddressWidth" value="32" />
   <property name="maximumPendingReadTransactions" value="0" />
   <property name="maximumPendingWriteTransactions" value="0" />
   <property name="minimumReadLatency" value="1" />
   <property name="minimumResponseLatency" value="1" />
   <property name="prSafe" value="false" />
   <property name="readLatency" value="0" />
   <property name="readWaitTime" value="1" />
   <property name="registerIncomingSignals" value="false" />
   <property name="registerOutgoingSignals" value="false" />
   <property name="setupTime" value="0" />
   <property name="timingUnits" value="Cycles" />
   <property name="waitrequestAllowance" value="0" />
   <property name="writeWaitTime" value="0" />
   <port name="master_address" direction="output" role="address" width="32" />
   <port
       name="master_waitrequest"
       direction="input"
       role="waitrequest"
       width="1" />
   <port name="master_arbiterlock" direction="output" role="lock" width="1" />
   <port name="master_read" direction="output" role="read" width="1" />
   <port name="master_readdata" direction="input" role="readdata" width="16" />
   <port
       name="master_readdatavalid"
       direction="input"
       role="readdatavalid"
       width="1" />
  </interface>
  <interface name="avalon_dma_control_slave" kind="avalon" start="0">
   <property name="addressAlignment" value="DYNAMIC" />
   <property name="addressGroup" value="0" />
   <property name="addressSpan" value="16" />
   <property name="addressUnits" value="WORDS" />
   <property name="alwaysBurstMaxBurst" value="false" />
   <property name="associatedClock" value="clk" />
   <property name="associatedReset" value="reset" />
   <property name="bitsPerSymbol" value="8" />
   <property name="bridgedAddressOffset" value="0" />
   <property name="bridgesToMaster" value="" />
   <property name="burstOnBurstBoundariesOnly" value="false" />
   <property name="burstcountUnits" value="WORDS" />
   <property name="constantBurstBehavior" value="false" />
   <property name="explicitAddressSpan" value="0" />
   <property name="holdTime" value="0" />
   <property name="interleaveBursts" value="false" />
   <property name="isBigEndian" value="false" />
   <property name="isFlash" value="false" />
   <property name="isMemoryDevice" value="false" />
   <property name="isNonVolatileStorage" value="false" />
   <property name="linewrapBursts" value="false" />
   <property name="maximumPendingReadTransactions" value="0" />
   <property name="maximumPendingWriteTransactions" value="0" />
   <property name="minimumReadLatency" value="1" />
   <property name="minimumResponseLatency" value="1" />
   <property name="minimumUninterruptedRunLength" value="1" />
   <property name="prSafe" value="false" />
   <property name="printableDevice" value="false" />
   <property name="readLatency" value="1" />
   <property name="readWaitStates" value="0" />
   <property name="readWaitTime" value="0" />
   <property name="registerIncomingSignals" value="false" />
   <property name="registerOutgoingSignals" value="false" />
   <property name="setupTime" value="0" />
   <property name="timingUnits" value="Cycles" />
   <property name="transparentBridge" value="false" />
   <property name="waitrequestAllowance" value="0" />
   <property name="wellBehavedWaitrequest" value="false" />
   <property name="writeLatency" value="0" />
   <property name="writeWaitStates" value="0" />
   <property name="writeWaitTime" value="0" />
   <port name="slave_address" direction="input" role="address" width="2" />
   <port name="slave_byteenable" direction="input" role="byteenable" width="4" />
   <port name="slave_read" direction="input" role="read" width="1" />
   <port name="slave_write" direction="input" role="write" width="1" />
   <port name="slave_writedata" direction="input" role="writedata" width="32" />
   <port name="slave_readdata" direction="output" role="readdata" width="32" />
  </interface>
  <interface name="avalon_pixel_source" kind="avalon_streaming" start="1">
   <property name="associatedClock" value="clk" />
   <property name="associatedReset" value="reset" />
   <property name="beatsPerCycle" value="1" />
   <property name="dataBitsPerSymbol" value="8" />
   <property name="emptyWithinPacket" value="false" />
   <property name="errorDescriptor" value="" />
   <property name="firstSymbolInHighOrderBits" value="true" />
   <property name="highOrderSymbolAtMSB" value="false" />
   <property name="maxChannel" value="0" />
   <property name="packetDescription" value="" />
   <property name="prSafe" value="false" />
   <property name="readyAllowance" value="0" />
   <property name="readyLatency" value="0" />
   <property name="symbolsPerBeat" value="2" />
   <port name="stream_ready" direction="input" role="ready" width="1" />
   <port name="stream_data" direction="output" role="data" width="16" />
   <port
       name="stream_startofpacket"
       direction="output"
       role="startofpacket"
       width="1" />
   <port
       name="stream_endofpacket"
       direction="output"
       role="endofpacket"
       width="1" />
   <port name="stream_valid" direction="output" role="valid" width="1" />
  </interface>
 </perimeter>
 <entity
   kind="soc_system_video_dma_controller_0"
   version="1.0"
   name="soc_system_video_dma_controller_0">
  <parameter name="AUTO_CLK_CLOCK_RATE" value="-1" />
  <parameter name="AUTO_GENERATION_ID" value="0" />
  <parameter name="AUTO_DEVICE" value="10CX220YF780I5G" />
  <parameter name="AUTO_AVALON_DMA_MASTER_ADDRESS_WIDTH" value="-1" />
  <parameter name="AUTO_DEVICE_FAMILY" value="Cyclone 10 GX" />
  <parameter name="AUTO_CLK_RESET_DOMAIN" value="-1" />
  <parameter name="AUTO_CLK_CLOCK_DOMAIN" value="-1" />
  <parameter name="AUTO_UNIQUE_ID" value="" />
  <parameter name="AUTO_DEVICE_SPEEDGRADE" value="5" />
  <parameter name="AUTO_AVALON_DMA_MASTER_ADDRESS_MAP" value="" />
  <generatedFiles>
   <file
       path="F:\Embedded_system_project\quartus_project\ip\soc_system\soc_system_video_dma_controller_0\synth\soc_system_video_dma_controller_0.v"
       attributes="CONTAINS_INLINE_CONFIGURATION" />
  </generatedFiles>
  <childGeneratedFiles>
   <file
       path="F:\Embedded_system_project\quartus_project\ip\soc_system\soc_system_video_dma_controller_0\synth\soc_system_video_dma_controller_0.v"
       attributes="CONTAINS_INLINE_CONFIGURATION" />
  </childGeneratedFiles>
  <sourceFiles>
   <file
       path="F:/Embedded_system_project/quartus_project/ip/soc_system/soc_system_video_dma_controller_0.ip" />
  </sourceFiles>
  <childSourceFiles>
   <file
       path="C:/intelfpga_pro/18.1/ip/altera/university_program/audio_video/video/altera_up_avalon_video_dma_controller/altera_up_avalon_video_dma_controller_hw.tcl" />
   <file
       path="C:/intelfpga_pro/18.1/ip/altera/university_program/audio_video/video/altera_up_avalon_video_dma_controller/hdl/altera_up_video_dma_control_slave.v" />
   <file
       path="C:/intelfpga_pro/18.1/ip/altera/university_program/audio_video/video/altera_up_avalon_video_dma_controller/hdl/altera_up_video_dma_to_memory.v" />
   <file
       path="C:/intelfpga_pro/18.1/ip/altera/university_program/audio_video/video/altera_up_avalon_video_dma_controller/hdl/altera_up_video_dma_to_stream.v" />
  </childSourceFiles>
  <messages>
   <message level="Info" culprit="soc_system_video_dma_controller_0">"Generating: soc_system_video_dma_controller_0"</message>
   <message level="Info" culprit="soc_system_video_dma_controller_0">"Generating: soc_system_video_dma_controller_0_altera_up_avalon_video_dma_controller_180_42nimuq"</message>
   <message level="Info" culprit="video_dma_controller_0">Starting Generation of Video DMA Controller</message>
  </messages>
 </entity>
 <entity
   kind="altera_up_avalon_video_dma_controller"
   version="18.0"
   name="soc_system_video_dma_controller_0_altera_up_avalon_video_dma_controller_180_42nimuq">
  <parameter name="mode" value="From Memory to Stream" />
  <parameter name="AUTO_CLK_CLOCK_RATE" value="-1" />
  <parameter name="dma_enabled" value="true" />
  <parameter name="color_bits" value="8" />
  <parameter name="AUTO_DEVICE_FAMILY" value="Cyclone 10 GX" />
  <parameter name="start_address" value="0" />
  <parameter name="addr_mode" value="Consecutive" />
  <parameter name="width" value="1280" />
  <parameter name="color_planes" value="2" />
  <parameter name="back_start_address" value="0" />
  <parameter name="height" value="480" />
  <generatedFiles>
   <file
       path="F:\Embedded_system_project\quartus_project\ip\soc_system\soc_system_video_dma_controller_0\altera_up_avalon_video_dma_controller_180\synth\altera_up_video_dma_control_slave.v" />
   <file
       path="F:\Embedded_system_project\quartus_project\ip\soc_system\soc_system_video_dma_controller_0\altera_up_avalon_video_dma_controller_180\synth\altera_up_video_dma_to_memory.v" />
   <file
       path="F:\Embedded_system_project\quartus_project\ip\soc_system\soc_system_video_dma_controller_0\altera_up_avalon_video_dma_controller_180\synth\altera_up_video_dma_to_stream.v" />
   <file
       path="F:\Embedded_system_project\quartus_project\ip\soc_system\soc_system_video_dma_controller_0\altera_up_avalon_video_dma_controller_180\synth\soc_system_video_dma_controller_0_altera_up_avalon_video_dma_controller_180_42nimuq.v" />
  </generatedFiles>
  <childGeneratedFiles>
   <file
       path="F:\Embedded_system_project\quartus_project\ip\soc_system\soc_system_video_dma_controller_0\altera_up_avalon_video_dma_controller_180\synth\altera_up_video_dma_control_slave.v" />
   <file
       path="F:\Embedded_system_project\quartus_project\ip\soc_system\soc_system_video_dma_controller_0\altera_up_avalon_video_dma_controller_180\synth\altera_up_video_dma_to_memory.v" />
   <file
       path="F:\Embedded_system_project\quartus_project\ip\soc_system\soc_system_video_dma_controller_0\altera_up_avalon_video_dma_controller_180\synth\altera_up_video_dma_to_stream.v" />
   <file
       path="F:\Embedded_system_project\quartus_project\ip\soc_system\soc_system_video_dma_controller_0\altera_up_avalon_video_dma_controller_180\synth\soc_system_video_dma_controller_0_altera_up_avalon_video_dma_controller_180_42nimuq.v" />
  </childGeneratedFiles>
  <sourceFiles>
   <file
       path="C:/intelfpga_pro/18.1/ip/altera/university_program/audio_video/video/altera_up_avalon_video_dma_controller/altera_up_avalon_video_dma_controller_hw.tcl" />
   <file
       path="C:/intelfpga_pro/18.1/ip/altera/university_program/audio_video/video/altera_up_avalon_video_dma_controller/hdl/altera_up_video_dma_control_slave.v" />
   <file
       path="C:/intelfpga_pro/18.1/ip/altera/university_program/audio_video/video/altera_up_avalon_video_dma_controller/hdl/altera_up_video_dma_to_memory.v" />
   <file
       path="C:/intelfpga_pro/18.1/ip/altera/university_program/audio_video/video/altera_up_avalon_video_dma_controller/hdl/altera_up_video_dma_to_stream.v" />
  </sourceFiles>
  <childSourceFiles/>
  <instantiator
     instantiator="soc_system_video_dma_controller_0"
     as="video_dma_controller_0" />
  <messages>
   <message level="Info" culprit="soc_system_video_dma_controller_0">"Generating: soc_system_video_dma_controller_0_altera_up_avalon_video_dma_controller_180_42nimuq"</message>
   <message level="Info" culprit="video_dma_controller_0">Starting Generation of Video DMA Controller</message>
  </messages>
 </entity>
</deploy>
