<?xml version="1.0" encoding="UTF-8"?>
<deploy
 date="2018.11.01.15:42:04"
 outputDirectory="F:/Embedded_system_project/quartus_project/ip/soc_system/soc_system_video_rgb_resampler_0/">
 <perimeter>
  <parameter
     name="AUTO_GENERATION_ID"
     type="Integer"
     defaultValue="0"
     onHdl="0"
     affectsHdl="1" />
  <parameter
     name="AUTO_UNIQUE_ID"
     type="String"
     defaultValue=""
     onHdl="0"
     affectsHdl="1" />
  <parameter
     name="AUTO_DEVICE_FAMILY"
     type="String"
     defaultValue="Cyclone 10 GX"
     onHdl="0"
     affectsHdl="1" />
  <parameter
     name="AUTO_DEVICE"
     type="String"
     defaultValue="10CX220YF780I5G"
     onHdl="0"
     affectsHdl="1" />
  <parameter
     name="AUTO_DEVICE_SPEEDGRADE"
     type="String"
     defaultValue="5"
     onHdl="0"
     affectsHdl="1" />
  <parameter
     name="AUTO_CLK_CLOCK_RATE"
     type="Long"
     defaultValue="-1"
     onHdl="0"
     affectsHdl="1" />
  <parameter
     name="AUTO_CLK_CLOCK_DOMAIN"
     type="Integer"
     defaultValue="-1"
     onHdl="0"
     affectsHdl="1" />
  <parameter
     name="AUTO_CLK_RESET_DOMAIN"
     type="Integer"
     defaultValue="-1"
     onHdl="0"
     affectsHdl="1" />
  <interface name="clk" kind="clock" start="0">
   <property name="clockRate" value="0" />
   <property name="externallyDriven" value="false" />
   <property name="ptfSchematicName" value="" />
   <port name="clk" direction="input" role="clk" width="1" />
  </interface>
  <interface name="reset" kind="reset" start="0">
   <property name="associatedClock" value="clk" />
   <property name="synchronousEdges" value="DEASSERT" />
   <port name="reset" direction="input" role="reset" width="1" />
  </interface>
  <interface name="avalon_rgb_sink" kind="avalon_streaming" start="0">
   <property name="associatedClock" value="clk" />
   <property name="associatedReset" value="reset" />
   <property name="beatsPerCycle" value="1" />
   <property name="dataBitsPerSymbol" value="8" />
   <property name="emptyWithinPacket" value="false" />
   <property name="errorDescriptor" value="" />
   <property name="firstSymbolInHighOrderBits" value="true" />
   <property name="highOrderSymbolAtMSB" value="false" />
   <property name="maxChannel" value="0" />
   <property name="packetDescription" value="" />
   <property name="prSafe" value="false" />
   <property name="readyAllowance" value="0" />
   <property name="readyLatency" value="0" />
   <property name="symbolsPerBeat" value="4" />
   <port
       name="stream_in_startofpacket"
       direction="input"
       role="startofpacket"
       width="1" />
   <port
       name="stream_in_endofpacket"
       direction="input"
       role="endofpacket"
       width="1" />
   <port name="stream_in_valid" direction="input" role="valid" width="1" />
   <port name="stream_in_ready" direction="output" role="ready" width="1" />
   <port name="stream_in_data" direction="input" role="data" width="32" />
  </interface>
  <interface name="avalon_rgb_slave" kind="avalon" start="0">
   <property name="addressAlignment" value="DYNAMIC" />
   <property name="addressGroup" value="0" />
   <property name="addressSpan" value="4" />
   <property name="addressUnits" value="WORDS" />
   <property name="alwaysBurstMaxBurst" value="false" />
   <property name="associatedClock" value="clk" />
   <property name="associatedReset" value="reset" />
   <property name="bitsPerSymbol" value="8" />
   <property name="bridgedAddressOffset" value="0" />
   <property name="bridgesToMaster" value="" />
   <property name="burstOnBurstBoundariesOnly" value="false" />
   <property name="burstcountUnits" value="WORDS" />
   <property name="constantBurstBehavior" value="false" />
   <property name="explicitAddressSpan" value="0" />
   <property name="holdTime" value="0" />
   <property name="interleaveBursts" value="false" />
   <property name="isBigEndian" value="false" />
   <property name="isFlash" value="false" />
   <property name="isMemoryDevice" value="false" />
   <property name="isNonVolatileStorage" value="false" />
   <property name="linewrapBursts" value="false" />
   <property name="maximumPendingReadTransactions" value="0" />
   <property name="maximumPendingWriteTransactions" value="0" />
   <property name="minimumReadLatency" value="1" />
   <property name="minimumResponseLatency" value="1" />
   <property name="minimumUninterruptedRunLength" value="1" />
   <property name="prSafe" value="false" />
   <property name="printableDevice" value="false" />
   <property name="readLatency" value="1" />
   <property name="readWaitStates" value="0" />
   <property name="readWaitTime" value="0" />
   <property name="registerIncomingSignals" value="false" />
   <property name="registerOutgoingSignals" value="false" />
   <property name="setupTime" value="0" />
   <property name="timingUnits" value="Cycles" />
   <property name="transparentBridge" value="false" />
   <property name="waitrequestAllowance" value="0" />
   <property name="wellBehavedWaitrequest" value="false" />
   <property name="writeLatency" value="0" />
   <property name="writeWaitStates" value="0" />
   <property name="writeWaitTime" value="0" />
   <port name="slave_read" direction="input" role="read" width="1" />
   <port name="slave_readdata" direction="output" role="readdata" width="32" />
  </interface>
  <interface name="avalon_rgb_source" kind="avalon_streaming" start="1">
   <property name="associatedClock" value="clk" />
   <property name="associatedReset" value="reset" />
   <property name="beatsPerCycle" value="1" />
   <property name="dataBitsPerSymbol" value="10" />
   <property name="emptyWithinPacket" value="false" />
   <property name="errorDescriptor" value="" />
   <property name="firstSymbolInHighOrderBits" value="true" />
   <property name="highOrderSymbolAtMSB" value="false" />
   <property name="maxChannel" value="0" />
   <property name="packetDescription" value="" />
   <property name="prSafe" value="false" />
   <property name="readyAllowance" value="0" />
   <property name="readyLatency" value="0" />
   <property name="symbolsPerBeat" value="3" />
   <port name="stream_out_ready" direction="input" role="ready" width="1" />
   <port
       name="stream_out_startofpacket"
       direction="output"
       role="startofpacket"
       width="1" />
   <port
       name="stream_out_endofpacket"
       direction="output"
       role="endofpacket"
       width="1" />
   <port name="stream_out_valid" direction="output" role="valid" width="1" />
   <port name="stream_out_data" direction="output" role="data" width="30" />
  </interface>
 </perimeter>
 <entity
   kind="soc_system_video_rgb_resampler_0"
   version="1.0"
   name="soc_system_video_rgb_resampler_0">
  <parameter name="AUTO_CLK_CLOCK_RATE" value="-1" />
  <parameter name="AUTO_GENERATION_ID" value="0" />
  <parameter name="AUTO_DEVICE" value="10CX220YF780I5G" />
  <parameter name="AUTO_DEVICE_FAMILY" value="Cyclone 10 GX" />
  <parameter name="AUTO_CLK_RESET_DOMAIN" value="-1" />
  <parameter name="AUTO_CLK_CLOCK_DOMAIN" value="-1" />
  <parameter name="AUTO_UNIQUE_ID" value="" />
  <parameter name="AUTO_DEVICE_SPEEDGRADE" value="5" />
  <generatedFiles>
   <file
       path="F:\Embedded_system_project\quartus_project\ip\soc_system\soc_system_video_rgb_resampler_0\synth\soc_system_video_rgb_resampler_0.v"
       attributes="CONTAINS_INLINE_CONFIGURATION" />
  </generatedFiles>
  <childGeneratedFiles>
   <file
       path="F:\Embedded_system_project\quartus_project\ip\soc_system\soc_system_video_rgb_resampler_0\synth\soc_system_video_rgb_resampler_0.v"
       attributes="CONTAINS_INLINE_CONFIGURATION" />
  </childGeneratedFiles>
  <sourceFiles>
   <file
       path="F:/Embedded_system_project/quartus_project/ip/soc_system/soc_system_video_rgb_resampler_0.ip" />
  </sourceFiles>
  <childSourceFiles>
   <file
       path="C:/intelfpga_pro/18.1/ip/altera/university_program/audio_video/video/altera_up_avalon_video_rgb_resampler/altera_up_avalon_video_rgb_resampler_hw.tcl" />
  </childSourceFiles>
  <messages>
   <message level="Info" culprit="soc_system_video_rgb_resampler_0">"Generating: soc_system_video_rgb_resampler_0"</message>
   <message level="Info" culprit="soc_system_video_rgb_resampler_0">"Generating: soc_system_video_rgb_resampler_0_altera_up_avalon_video_rgb_resampler_180_6ere6hy"</message>
   <message level="Info" culprit="video_rgb_resampler_0">Starting Generation of Video RGB Resampler</message>
  </messages>
 </entity>
 <entity
   kind="altera_up_avalon_video_rgb_resampler"
   version="18.0"
   name="soc_system_video_rgb_resampler_0_altera_up_avalon_video_rgb_resampler_180_6ere6hy">
  <parameter name="output_bits" value="10" />
  <parameter name="AUTO_CLK_CLOCK_RATE" value="-1" />
  <parameter name="output_type" value="30-bit RGB" />
  <parameter name="input_bits" value="8" />
  <parameter name="output_planes" value="3" />
  <parameter name="AUTO_DEVICE_FAMILY" value="Cyclone 10 GX" />
  <parameter name="alpha" value="1023" />
  <parameter name="input_type" value="32-bit RGBA" />
  <parameter name="input_planes" value="4" />
  <generatedFiles>
   <file
       path="F:\Embedded_system_project\quartus_project\ip\soc_system\soc_system_video_rgb_resampler_0\altera_up_avalon_video_rgb_resampler_180\synth\soc_system_video_rgb_resampler_0_altera_up_avalon_video_rgb_resampler_180_6ere6hy.v" />
  </generatedFiles>
  <childGeneratedFiles>
   <file
       path="F:\Embedded_system_project\quartus_project\ip\soc_system\soc_system_video_rgb_resampler_0\altera_up_avalon_video_rgb_resampler_180\synth\soc_system_video_rgb_resampler_0_altera_up_avalon_video_rgb_resampler_180_6ere6hy.v" />
  </childGeneratedFiles>
  <sourceFiles>
   <file
       path="C:/intelfpga_pro/18.1/ip/altera/university_program/audio_video/video/altera_up_avalon_video_rgb_resampler/altera_up_avalon_video_rgb_resampler_hw.tcl" />
  </sourceFiles>
  <childSourceFiles/>
  <instantiator
     instantiator="soc_system_video_rgb_resampler_0"
     as="video_rgb_resampler_0" />
  <messages>
   <message level="Info" culprit="soc_system_video_rgb_resampler_0">"Generating: soc_system_video_rgb_resampler_0_altera_up_avalon_video_rgb_resampler_180_6ere6hy"</message>
   <message level="Info" culprit="video_rgb_resampler_0">Starting Generation of Video RGB Resampler</message>
  </messages>
 </entity>
</deploy>
