<?xml version="1.0" encoding="UTF-8"?>
<deploy
 date="2018.11.01.15:36:15"
 outputDirectory="F:/Embedded_system_project/quartus_project/ip/soc_system/soc_system_clk_0/">
 <perimeter>
  <parameter
     name="AUTO_GENERATION_ID"
     type="Integer"
     defaultValue="0"
     onHdl="0"
     affectsHdl="1" />
  <parameter
     name="AUTO_UNIQUE_ID"
     type="String"
     defaultValue=""
     onHdl="0"
     affectsHdl="1" />
  <parameter
     name="AUTO_DEVICE_FAMILY"
     type="String"
     defaultValue="Cyclone 10 GX"
     onHdl="0"
     affectsHdl="1" />
  <parameter
     name="AUTO_DEVICE"
     type="String"
     defaultValue="10CX220YF780I5G"
     onHdl="0"
     affectsHdl="1" />
  <parameter
     name="AUTO_DEVICE_SPEEDGRADE"
     type="String"
     defaultValue="5"
     onHdl="0"
     affectsHdl="1" />
  <parameter
     name="AUTO_CLK_IN_CLOCK_RATE"
     type="Long"
     defaultValue="-1"
     onHdl="0"
     affectsHdl="1" />
  <parameter
     name="AUTO_CLK_IN_CLOCK_DOMAIN"
     type="Integer"
     defaultValue="-1"
     onHdl="0"
     affectsHdl="1" />
  <parameter
     name="AUTO_CLK_IN_RESET_DOMAIN"
     type="Integer"
     defaultValue="-1"
     onHdl="0"
     affectsHdl="1" />
  <interface name="clk_in" kind="clock" start="0">
   <property name="clockRate" value="50000000" />
   <property name="externallyDriven" value="false" />
   <property name="ptfSchematicName" value="" />
   <port name="in_clk" direction="input" role="clk" width="1" />
  </interface>
  <interface name="clk_in_reset" kind="reset" start="0">
   <property name="associatedClock" value="" />
   <property name="synchronousEdges" value="NONE" />
   <port name="reset_n" direction="input" role="reset_n" width="1" />
  </interface>
  <interface name="clk" kind="clock" start="1">
   <property name="associatedDirectClock" value="clk_in" />
   <property name="clockRate" value="50000000" />
   <property name="clockRateKnown" value="true" />
   <property name="externallyDriven" value="true" />
   <property name="ptfSchematicName" value="" />
   <port name="clk_out" direction="output" role="clk" width="1" />
  </interface>
  <interface name="clk_reset" kind="reset" start="1">
   <property name="associatedClock" value="" />
   <property name="associatedDirectReset" value="clk_in_reset" />
   <property name="associatedResetSinks" value="clk_in_reset" />
   <property name="synchronousEdges" value="NONE" />
   <port name="reset_n_out" direction="output" role="reset_n" width="1" />
  </interface>
 </perimeter>
 <entity kind="soc_system_clk_0" version="1.0" name="soc_system_clk_0">
  <parameter name="AUTO_CLK_IN_CLOCK_DOMAIN" value="-1" />
  <parameter name="AUTO_GENERATION_ID" value="0" />
  <parameter name="AUTO_DEVICE" value="10CX220YF780I5G" />
  <parameter name="AUTO_DEVICE_FAMILY" value="Cyclone 10 GX" />
  <parameter name="AUTO_CLK_IN_CLOCK_RATE" value="-1" />
  <parameter name="AUTO_CLK_IN_RESET_DOMAIN" value="-1" />
  <parameter name="AUTO_UNIQUE_ID" value="" />
  <parameter name="AUTO_DEVICE_SPEEDGRADE" value="5" />
  <generatedFiles>
   <file
       path="F:\Embedded_system_project\quartus_project\ip\soc_system\soc_system_clk_0\synth\soc_system_clk_0.v"
       attributes="CONTAINS_INLINE_CONFIGURATION" />
  </generatedFiles>
  <childGeneratedFiles>
   <file
       path="F:\Embedded_system_project\quartus_project\ip\soc_system\soc_system_clk_0\synth\soc_system_clk_0.v"
       attributes="CONTAINS_INLINE_CONFIGURATION" />
  </childGeneratedFiles>
  <sourceFiles>
   <file
       path="F:/Embedded_system_project/quartus_project/ip/soc_system/soc_system_clk_0.ip" />
  </sourceFiles>
  <childSourceFiles/>
  <messages>
   <message level="Info" culprit="soc_system_clk_0">"Generating: soc_system_clk_0"</message>
  </messages>
 </entity>
</deploy>
