<?xml version="1.0" encoding="UTF-8"?>
<deploy
 date="2018.11.01.15:38:44"
 outputDirectory="F:/Embedded_system_project/quartus_project/ip/soc_system/soc_system_jtag_uart/">
 <perimeter>
  <parameter
     name="AUTO_GENERATION_ID"
     type="Integer"
     defaultValue="0"
     onHdl="0"
     affectsHdl="1" />
  <parameter
     name="AUTO_UNIQUE_ID"
     type="String"
     defaultValue=""
     onHdl="0"
     affectsHdl="1" />
  <parameter
     name="AUTO_DEVICE_FAMILY"
     type="String"
     defaultValue="Cyclone 10 GX"
     onHdl="0"
     affectsHdl="1" />
  <parameter
     name="AUTO_DEVICE"
     type="String"
     defaultValue="10CX220YF780I5G"
     onHdl="0"
     affectsHdl="1" />
  <parameter
     name="AUTO_DEVICE_SPEEDGRADE"
     type="String"
     defaultValue="5"
     onHdl="0"
     affectsHdl="1" />
  <parameter
     name="AUTO_CLK_CLOCK_RATE"
     type="Long"
     defaultValue="-1"
     onHdl="0"
     affectsHdl="1" />
  <parameter
     name="AUTO_CLK_CLOCK_DOMAIN"
     type="Integer"
     defaultValue="-1"
     onHdl="0"
     affectsHdl="1" />
  <parameter
     name="AUTO_CLK_RESET_DOMAIN"
     type="Integer"
     defaultValue="-1"
     onHdl="0"
     affectsHdl="1" />
  <interface name="clk" kind="clock" start="0">
   <property name="clockRate" value="0" />
   <property name="externallyDriven" value="false" />
   <property name="ptfSchematicName" value="" />
   <port name="clk" direction="input" role="clk" width="1" />
  </interface>
  <interface name="reset" kind="reset" start="0">
   <property name="associatedClock" value="clk" />
   <property name="synchronousEdges" value="DEASSERT" />
   <port name="rst_n" direction="input" role="reset_n" width="1" />
  </interface>
  <interface name="avalon_jtag_slave" kind="avalon" start="0">
   <property name="addressAlignment" value="NATIVE" />
   <property name="addressGroup" value="0" />
   <property name="addressSpan" value="2" />
   <property name="addressUnits" value="WORDS" />
   <property name="alwaysBurstMaxBurst" value="false" />
   <property name="associatedClock" value="clk" />
   <property name="associatedReset" value="reset" />
   <property name="bitsPerSymbol" value="8" />
   <property name="bridgedAddressOffset" value="0" />
   <property name="bridgesToMaster" value="" />
   <property name="burstOnBurstBoundariesOnly" value="false" />
   <property name="burstcountUnits" value="WORDS" />
   <property name="constantBurstBehavior" value="false" />
   <property name="explicitAddressSpan" value="0" />
   <property name="holdTime" value="0" />
   <property name="interleaveBursts" value="false" />
   <property name="isBigEndian" value="false" />
   <property name="isFlash" value="false" />
   <property name="isMemoryDevice" value="false" />
   <property name="isNonVolatileStorage" value="false" />
   <property name="linewrapBursts" value="false" />
   <property name="maximumPendingReadTransactions" value="0" />
   <property name="maximumPendingWriteTransactions" value="0" />
   <property name="minimumReadLatency" value="1" />
   <property name="minimumResponseLatency" value="1" />
   <property name="minimumUninterruptedRunLength" value="1" />
   <property name="prSafe" value="false" />
   <property name="printableDevice" value="true" />
   <property name="readLatency" value="0" />
   <property name="readWaitStates" value="1" />
   <property name="readWaitTime" value="1" />
   <property name="registerIncomingSignals" value="false" />
   <property name="registerOutgoingSignals" value="false" />
   <property name="setupTime" value="0" />
   <property name="timingUnits" value="Cycles" />
   <property name="transparentBridge" value="false" />
   <property name="waitrequestAllowance" value="0" />
   <property name="wellBehavedWaitrequest" value="false" />
   <property name="writeLatency" value="0" />
   <property name="writeWaitStates" value="0" />
   <property name="writeWaitTime" value="0" />
   <port name="av_chipselect" direction="input" role="chipselect" width="1" />
   <port name="av_address" direction="input" role="address" width="1" />
   <port name="av_read_n" direction="input" role="read_n" width="1" />
   <port name="av_readdata" direction="output" role="readdata" width="32" />
   <port name="av_write_n" direction="input" role="write_n" width="1" />
   <port name="av_writedata" direction="input" role="writedata" width="32" />
   <port name="av_waitrequest" direction="output" role="waitrequest" width="1" />
  </interface>
  <interface name="irq" kind="interrupt" start="0">
   <property
       name="associatedAddressablePoint"
       value="soc_system_jtag_uart.avalon_jtag_slave" />
   <property name="associatedClock" value="clk" />
   <property name="associatedReset" value="reset" />
   <property name="bridgedReceiverOffset" value="0" />
   <property name="bridgesToReceiver" value="" />
   <property name="irqScheme" value="NONE" />
   <port name="av_irq" direction="output" role="irq" width="1" />
  </interface>
 </perimeter>
 <entity kind="soc_system_jtag_uart" version="1.0" name="soc_system_jtag_uart">
  <parameter name="AUTO_CLK_CLOCK_RATE" value="-1" />
  <parameter name="AUTO_GENERATION_ID" value="0" />
  <parameter name="AUTO_DEVICE" value="10CX220YF780I5G" />
  <parameter name="AUTO_DEVICE_FAMILY" value="Cyclone 10 GX" />
  <parameter name="AUTO_CLK_RESET_DOMAIN" value="-1" />
  <parameter name="AUTO_CLK_CLOCK_DOMAIN" value="-1" />
  <parameter name="AUTO_UNIQUE_ID" value="" />
  <parameter name="AUTO_DEVICE_SPEEDGRADE" value="5" />
  <generatedFiles>
   <file
       path="F:\Embedded_system_project\quartus_project\ip\soc_system\soc_system_jtag_uart\synth\soc_system_jtag_uart.v"
       attributes="CONTAINS_INLINE_CONFIGURATION" />
  </generatedFiles>
  <childGeneratedFiles>
   <file
       path="F:\Embedded_system_project\quartus_project\ip\soc_system\soc_system_jtag_uart\synth\soc_system_jtag_uart.v"
       attributes="CONTAINS_INLINE_CONFIGURATION" />
  </childGeneratedFiles>
  <sourceFiles>
   <file
       path="F:/Embedded_system_project/quartus_project/ip/soc_system/soc_system_jtag_uart.ip" />
  </sourceFiles>
  <childSourceFiles>
   <file
       path="C:/intelfpga_pro/18.1/ip/altera/sopc_builder_ip/altera_avalon_jtag_uart/altera_avalon_jtag_uart_hw.tcl" />
  </childSourceFiles>
  <messages>
   <message level="Info" culprit="soc_system_jtag_uart">"Generating: soc_system_jtag_uart"</message>
   <message level="Info" culprit="soc_system_jtag_uart">"Generating: soc_system_jtag_uart_altera_avalon_jtag_uart_181_g5l7g2i"</message>
   <message level="Info" culprit="jtag_uart">Starting RTL generation for module 'soc_system_jtag_uart_altera_avalon_jtag_uart_181_g5l7g2i'</message>
   <message level="Info" culprit="jtag_uart">  Generation command is [exec C:/intelfpga_pro/18.1/quartus/bin64/perl/bin/perl.exe -I C:/intelfpga_pro/18.1/quartus/bin64/perl/lib -I C:/intelfpga_pro/18.1/quartus/sopc_builder/bin/europa -I C:/intelfpga_pro/18.1/quartus/sopc_builder/bin/perl_lib -I C:/intelfpga_pro/18.1/quartus/sopc_builder/bin -I C:/intelfpga_pro/18.1/quartus/../ip/altera/sopc_builder_ip/common -I C:/intelfpga_pro/18.1/quartus/../ip/altera/sopc_builder_ip/altera_avalon_jtag_uart -- C:/intelfpga_pro/18.1/quartus/../ip/altera/sopc_builder_ip/altera_avalon_jtag_uart/generate_rtl.pl --name=soc_system_jtag_uart_altera_avalon_jtag_uart_181_g5l7g2i --dir=C:/Users/USER/AppData/Local/Temp/alt7836_9105533722327926808.dir/0002_jtag_uart_gen/ --quartus_dir=C:/intelfpga_pro/18.1/quartus --verilog --config=C:/Users/USER/AppData/Local/Temp/alt7836_9105533722327926808.dir/0002_jtag_uart_gen//soc_system_jtag_uart_altera_avalon_jtag_uart_181_g5l7g2i_component_configuration.pl  --do_build_sim=0  ]</message>
   <message level="Info" culprit="jtag_uart">Done RTL generation for module 'soc_system_jtag_uart_altera_avalon_jtag_uart_181_g5l7g2i'</message>
  </messages>
 </entity>
 <entity
   kind="altera_avalon_jtag_uart"
   version="18.1"
   name="soc_system_jtag_uart_altera_avalon_jtag_uart_181_g5l7g2i">
  <parameter name="readBufferDepth" value="64" />
  <parameter name="clkFreq" value="50000000" />
  <parameter name="useRelativePathForSimFile" value="false" />
  <parameter name="hubInstanceID" value="0" />
  <parameter name="enableInteractiveInput" value="false" />
  <parameter name="avalonSpec" value="2.0" />
  <parameter name="simInputCharacterStream" value="" />
  <parameter name="readIRQThreshold" value="8" />
  <parameter name="useRegistersForWriteBuffer" value="false" />
  <parameter name="useRegistersForReadBuffer" value="false" />
  <parameter name="simInteractiveOptions" value="INTERACTIVE_ASCII_OUTPUT" />
  <parameter name="enableInteractiveOutput" value="true" />
  <parameter name="writeIRQThreshold" value="8" />
  <parameter name="writeBufferDepth" value="64" />
  <parameter name="allowMultipleConnections" value="true" />
  <parameter name="legacySignalAllow" value="false" />
  <generatedFiles>
   <file
       path="F:\Embedded_system_project\quartus_project\ip\soc_system\soc_system_jtag_uart\altera_avalon_jtag_uart_181\synth\soc_system_jtag_uart_altera_avalon_jtag_uart_181_g5l7g2i.v"
       attributes="" />
  </generatedFiles>
  <childGeneratedFiles>
   <file
       path="F:\Embedded_system_project\quartus_project\ip\soc_system\soc_system_jtag_uart\altera_avalon_jtag_uart_181\synth\soc_system_jtag_uart_altera_avalon_jtag_uart_181_g5l7g2i.v"
       attributes="" />
  </childGeneratedFiles>
  <sourceFiles>
   <file
       path="C:/intelfpga_pro/18.1/ip/altera/sopc_builder_ip/altera_avalon_jtag_uart/altera_avalon_jtag_uart_hw.tcl" />
  </sourceFiles>
  <childSourceFiles/>
  <instantiator instantiator="soc_system_jtag_uart" as="jtag_uart" />
  <messages>
   <message level="Info" culprit="soc_system_jtag_uart">"Generating: soc_system_jtag_uart_altera_avalon_jtag_uart_181_g5l7g2i"</message>
   <message level="Info" culprit="jtag_uart">Starting RTL generation for module 'soc_system_jtag_uart_altera_avalon_jtag_uart_181_g5l7g2i'</message>
   <message level="Info" culprit="jtag_uart">  Generation command is [exec C:/intelfpga_pro/18.1/quartus/bin64/perl/bin/perl.exe -I C:/intelfpga_pro/18.1/quartus/bin64/perl/lib -I C:/intelfpga_pro/18.1/quartus/sopc_builder/bin/europa -I C:/intelfpga_pro/18.1/quartus/sopc_builder/bin/perl_lib -I C:/intelfpga_pro/18.1/quartus/sopc_builder/bin -I C:/intelfpga_pro/18.1/quartus/../ip/altera/sopc_builder_ip/common -I C:/intelfpga_pro/18.1/quartus/../ip/altera/sopc_builder_ip/altera_avalon_jtag_uart -- C:/intelfpga_pro/18.1/quartus/../ip/altera/sopc_builder_ip/altera_avalon_jtag_uart/generate_rtl.pl --name=soc_system_jtag_uart_altera_avalon_jtag_uart_181_g5l7g2i --dir=C:/Users/USER/AppData/Local/Temp/alt7836_9105533722327926808.dir/0002_jtag_uart_gen/ --quartus_dir=C:/intelfpga_pro/18.1/quartus --verilog --config=C:/Users/USER/AppData/Local/Temp/alt7836_9105533722327926808.dir/0002_jtag_uart_gen//soc_system_jtag_uart_altera_avalon_jtag_uart_181_g5l7g2i_component_configuration.pl  --do_build_sim=0  ]</message>
   <message level="Info" culprit="jtag_uart">Done RTL generation for module 'soc_system_jtag_uart_altera_avalon_jtag_uart_181_g5l7g2i'</message>
  </messages>
 </entity>
</deploy>
