<?xml version="1.0" encoding="UTF-8"?>
<deploy
 date="2018.11.01.15:40:08"
 outputDirectory="F:/Embedded_system_project/quartus_project/ip/soc_system/soc_system_sc_fifo_0/">
 <perimeter>
  <parameter
     name="AUTO_GENERATION_ID"
     type="Integer"
     defaultValue="0"
     onHdl="0"
     affectsHdl="1" />
  <parameter
     name="AUTO_UNIQUE_ID"
     type="String"
     defaultValue=""
     onHdl="0"
     affectsHdl="1" />
  <parameter
     name="AUTO_DEVICE_FAMILY"
     type="String"
     defaultValue="Cyclone 10 GX"
     onHdl="0"
     affectsHdl="1" />
  <parameter
     name="AUTO_DEVICE"
     type="String"
     defaultValue="10CX220YF780I5G"
     onHdl="0"
     affectsHdl="1" />
  <parameter
     name="AUTO_DEVICE_SPEEDGRADE"
     type="String"
     defaultValue="5"
     onHdl="0"
     affectsHdl="1" />
  <parameter
     name="AUTO_CLK_CLOCK_RATE"
     type="Long"
     defaultValue="-1"
     onHdl="0"
     affectsHdl="1" />
  <parameter
     name="AUTO_CLK_CLOCK_DOMAIN"
     type="Integer"
     defaultValue="-1"
     onHdl="0"
     affectsHdl="1" />
  <parameter
     name="AUTO_CLK_RESET_DOMAIN"
     type="Integer"
     defaultValue="-1"
     onHdl="0"
     affectsHdl="1" />
  <interface name="clk" kind="clock" start="0">
   <property name="clockRate" value="0" />
   <property name="externallyDriven" value="false" />
   <property name="ptfSchematicName" value="" />
   <port name="clk" direction="input" role="clk" width="1" />
  </interface>
  <interface name="clk_reset" kind="reset" start="0">
   <property name="associatedClock" value="clk" />
   <property name="synchronousEdges" value="DEASSERT" />
   <port name="reset" direction="input" role="reset" width="1" />
  </interface>
  <interface name="in" kind="avalon_streaming" start="0">
   <property name="associatedClock" value="clk" />
   <property name="associatedReset" value="clk_reset" />
   <property name="beatsPerCycle" value="1" />
   <property name="dataBitsPerSymbol" value="8" />
   <property name="emptyWithinPacket" value="false" />
   <property name="errorDescriptor" value="" />
   <property name="firstSymbolInHighOrderBits" value="true" />
   <property name="highOrderSymbolAtMSB" value="false" />
   <property name="maxChannel" value="0" />
   <property name="packetDescription" value="" />
   <property name="prSafe" value="false" />
   <property name="readyAllowance" value="0" />
   <property name="readyLatency" value="0" />
   <property name="symbolsPerBeat" value="4" />
   <port name="in_data" direction="input" role="data" width="32" />
   <port name="in_valid" direction="input" role="valid" width="1" />
   <port name="in_ready" direction="output" role="ready" width="1" />
   <port
       name="in_startofpacket"
       direction="input"
       role="startofpacket"
       width="1" />
   <port name="in_endofpacket" direction="input" role="endofpacket" width="1" />
   <port name="in_empty" direction="input" role="empty" width="2" />
  </interface>
  <interface name="out" kind="avalon_streaming" start="1">
   <property name="associatedClock" value="clk" />
   <property name="associatedReset" value="clk_reset" />
   <property name="beatsPerCycle" value="1" />
   <property name="dataBitsPerSymbol" value="8" />
   <property name="emptyWithinPacket" value="false" />
   <property name="errorDescriptor" value="" />
   <property name="firstSymbolInHighOrderBits" value="true" />
   <property name="highOrderSymbolAtMSB" value="false" />
   <property name="maxChannel" value="0" />
   <property name="packetDescription" value="" />
   <property name="prSafe" value="false" />
   <property name="readyAllowance" value="0" />
   <property name="readyLatency" value="0" />
   <property name="symbolsPerBeat" value="4" />
   <port name="out_data" direction="output" role="data" width="32" />
   <port name="out_valid" direction="output" role="valid" width="1" />
   <port name="out_ready" direction="input" role="ready" width="1" />
   <port
       name="out_startofpacket"
       direction="output"
       role="startofpacket"
       width="1" />
   <port
       name="out_endofpacket"
       direction="output"
       role="endofpacket"
       width="1" />
   <port name="out_empty" direction="output" role="empty" width="2" />
  </interface>
 </perimeter>
 <entity kind="soc_system_sc_fifo_0" version="1.0" name="soc_system_sc_fifo_0">
  <parameter name="AUTO_CLK_CLOCK_RATE" value="-1" />
  <parameter name="AUTO_GENERATION_ID" value="0" />
  <parameter name="AUTO_DEVICE" value="10CX220YF780I5G" />
  <parameter name="AUTO_DEVICE_FAMILY" value="Cyclone 10 GX" />
  <parameter name="AUTO_CLK_RESET_DOMAIN" value="-1" />
  <parameter name="AUTO_CLK_CLOCK_DOMAIN" value="-1" />
  <parameter name="AUTO_UNIQUE_ID" value="" />
  <parameter name="AUTO_DEVICE_SPEEDGRADE" value="5" />
  <generatedFiles>
   <file
       path="F:\Embedded_system_project\quartus_project\ip\soc_system\soc_system_sc_fifo_0\synth\soc_system_sc_fifo_0.v"
       attributes="CONTAINS_INLINE_CONFIGURATION" />
  </generatedFiles>
  <childGeneratedFiles>
   <file
       path="F:\Embedded_system_project\quartus_project\ip\soc_system\soc_system_sc_fifo_0\synth\soc_system_sc_fifo_0.v"
       attributes="CONTAINS_INLINE_CONFIGURATION" />
  </childGeneratedFiles>
  <sourceFiles>
   <file
       path="F:/Embedded_system_project/quartus_project/ip/soc_system/soc_system_sc_fifo_0.ip" />
  </sourceFiles>
  <childSourceFiles>
   <file
       path="C:/intelfpga_pro/18.1/ip/altera/sopc_builder_ip/altera_avalon_sc_fifo/altera_avalon_sc_fifo_hw.tcl" />
  </childSourceFiles>
  <messages>
   <message level="Info" culprit="soc_system_sc_fifo_0">"Generating: soc_system_sc_fifo_0"</message>
   <message level="Info" culprit="soc_system_sc_fifo_0">"Generating: soc_system_sc_fifo_0_altera_avalon_sc_fifo_181_hseo73i"</message>
  </messages>
 </entity>
 <entity
   kind="altera_avalon_sc_fifo"
   version="18.1"
   name="soc_system_sc_fifo_0_altera_avalon_sc_fifo_181_hseo73i">
  <parameter name="EXPLICIT_MAXCHANNEL" value="0" />
  <parameter name="ENABLE_EXPLICIT_MAXCHANNEL" value="false" />
  <generatedFiles>
   <file
       path="F:\Embedded_system_project\quartus_project\ip\soc_system\soc_system_sc_fifo_0\altera_avalon_sc_fifo_181\synth\soc_system_sc_fifo_0_altera_avalon_sc_fifo_181_hseo73i.v"
       attributes="" />
  </generatedFiles>
  <childGeneratedFiles>
   <file
       path="F:\Embedded_system_project\quartus_project\ip\soc_system\soc_system_sc_fifo_0\altera_avalon_sc_fifo_181\synth\soc_system_sc_fifo_0_altera_avalon_sc_fifo_181_hseo73i.v"
       attributes="" />
  </childGeneratedFiles>
  <sourceFiles>
   <file
       path="C:/intelfpga_pro/18.1/ip/altera/sopc_builder_ip/altera_avalon_sc_fifo/altera_avalon_sc_fifo_hw.tcl" />
  </sourceFiles>
  <childSourceFiles/>
  <instantiator instantiator="soc_system_sc_fifo_0" as="sc_fifo_0" />
  <messages>
   <message level="Info" culprit="soc_system_sc_fifo_0">"Generating: soc_system_sc_fifo_0_altera_avalon_sc_fifo_181_hseo73i"</message>
  </messages>
 </entity>
</deploy>
